DATE_KST,DEP_NAME,COUNT
2021-04-01,더현대서울,9517
2021-04-02,더현대서울,10587
2021-04-03,더현대서울,10642
2021-04-04,더현대서울,10521
2021-04-05,더현대서울,8134
2021-04-06,더현대서울,8796
2021-04-07,더현대서울,8954
2021-04-08,더현대서울,9408
2021-04-09,더현대서울,9839
2021-04-10,더현대서울,10079
2021-04-11,더현대서울,10233
2021-04-12,더현대서울,7646
2021-04-13,더현대서울,7357
2021-04-14,더현대서울,8681
2021-04-15,더현대서울,8524
2021-04-16,더현대서울,9550
2021-04-17,더현대서울,10240
2021-04-18,더현대서울,9838
2021-04-19,더현대서울,592
2021-04-20,더현대서울,8302
2021-04-21,더현대서울,8192
2021-04-22,더현대서울,7881
2021-04-23,더현대서울,9470
2021-04-24,더현대서울,9969
2021-04-25,더현대서울,9273
2021-04-26,더현대서울,7813
2021-04-27,더현대서울,7637
2021-04-28,더현대서울,7561
2021-04-29,더현대서울,7954
2021-04-30,더현대서울,8541
2021-05-01,더현대서울,10146
2021-05-02,더현대서울,9576
2021-05-03,더현대서울,7329
2021-05-04,더현대서울,8573
2021-05-05,더현대서울,10396
2021-05-06,더현대서울,7670
2021-05-07,더현대서울,8272
2021-05-08,더현대서울,7721
2021-05-09,더현대서울,8383
2021-05-10,더현대서울,6153
2021-05-11,더현대서울,6657
2021-05-12,더현대서울,7249
2021-05-13,더현대서울,7419
2021-05-14,더현대서울,8658
2021-05-15,더현대서울,8876
2021-05-16,더현대서울,8604
2021-05-17,더현대서울,7110
2021-05-18,더현대서울,7838
2021-05-19,더현대서울,9485
2021-05-20,더현대서울,6907
2021-05-21,더현대서울,7929
2021-05-22,더현대서울,9427
2021-05-23,더현대서울,8155
2021-05-24,더현대서울,441
2021-05-25,더현대서울,7269
2021-05-26,더현대서울,7477
2021-05-27,더현대서울,6909
2021-05-28,더현대서울,7804
2021-05-29,더현대서울,9333
2021-05-30,더현대서울,9000
2021-05-31,더현대서울,6326
2021-06-01,더현대서울,6852
2021-06-02,더현대서울,7630
2021-06-03,더현대서울,7271
2021-06-04,더현대서울,8593
2021-06-05,더현대서울,9476
2021-06-06,더현대서울,8990
2021-06-07,더현대서울,6771
2021-06-08,더현대서울,6820
2021-06-09,더현대서울,7004
2021-06-10,더현대서울,7292
2021-06-11,더현대서울,8663
2021-06-12,더현대서울,9716
2021-06-13,더현대서울,9511
2021-06-14,더현대서울,289
2021-06-15,더현대서울,7394
2021-06-16,더현대서울,7299
2021-06-17,더현대서울,7316
2021-06-18,더현대서울,8747
2021-06-19,더현대서울,10513
2021-06-20,더현대서울,9105
2021-06-21,더현대서울,7530
2021-06-22,더현대서울,6691
2021-06-23,더현대서울,6630
2021-06-24,더현대서울,7504
2021-06-25,더현대서울,8578
2021-06-26,더현대서울,9805
2021-06-27,더현대서울,9552
2021-06-28,더현대서울,6873
2021-06-29,더현대서울,7396
2021-06-30,더현대서울,6899
2021-07-01,더현대서울,7525
2021-07-02,더현대서울,8819
2021-07-03,더현대서울,7800
2021-07-04,더현대서울,8020
2021-07-05,더현대서울,6718
2021-07-06,더현대서울,6666
2021-07-07,더현대서울,5582
2021-07-08,더현대서울,5364
2021-07-09,더현대서울,5658
2021-07-10,더현대서울,5206
2021-07-11,더현대서울,4828
2021-07-12,더현대서울,413
2021-07-13,더현대서울,4313
2021-07-14,더현대서울,3962
2021-07-15,더현대서울,4275
2021-07-16,더현대서울,4453
2021-07-17,더현대서울,4042
2021-07-18,더현대서울,4488
2021-07-19,더현대서울,3798
2021-07-20,더현대서울,4424
2021-07-21,더현대서울,4769
2021-07-22,더현대서울,5171
2021-07-23,더현대서울,6221
2021-07-24,더현대서울,5667
2021-07-25,더현대서울,6427
2021-07-26,더현대서울,5223
2021-07-27,더현대서울,5825
2021-07-28,더현대서울,5948
2021-07-29,더현대서울,6222
2021-07-30,더현대서울,7770
2021-07-31,더현대서울,6901
2021-08-01,더현대서울,7274
2021-08-02,더현대서울,7015
2021-08-03,더현대서울,7160
2021-08-04,더현대서울,7263
2021-08-05,더현대서울,7066
2021-08-06,더현대서울,7852
2021-08-07,더현대서울,7693
2021-08-08,더현대서울,7921
2021-08-09,더현대서울,350
2021-08-10,더현대서울,6494
2021-08-11,더현대서울,6977
2021-08-12,더현대서울,6998
2021-08-13,더현대서울,7924
2021-08-14,더현대서울,8149
2021-08-15,더현대서울,8560
2021-08-16,더현대서울,7463
2021-08-17,더현대서울,5889
2021-08-18,더현대서울,6046
2021-08-19,더현대서울,6377
2021-08-20,더현대서울,7221
2021-08-21,더현대서울,7293
2021-08-22,더현대서울,8057
2021-08-23,더현대서울,6155
2021-08-24,더현대서울,6034
2021-08-25,더현대서울,6558
2021-08-26,더현대서울,6399
2021-08-27,더현대서울,7501
2021-08-28,더현대서울,8747
2021-08-29,더현대서울,8656
2021-08-30,더현대서울,6059
2021-08-31,더현대서울,6676
2021-09-01,더현대서울,5586
2021-09-02,더현대서울,6065
2021-09-03,더현대서울,7338
2021-09-04,더현대서울,7702
2021-09-05,더현대서울,7115
2021-09-06,더현대서울,5351
2021-09-07,더현대서울,6021
2021-09-08,더현대서울,6018
2021-09-09,더현대서울,6464
2021-09-10,더현대서울,7274
2021-09-11,더현대서울,7586
2021-09-12,더현대서울,8459
2021-09-13,더현대서울,5703
2021-09-14,더현대서울,5486
2021-09-15,더현대서울,6156
2021-09-16,더현대서울,6057
2021-09-17,더현대서울,7465
2021-09-18,더현대서울,7690
2021-09-19,더현대서울,7898
2021-09-20,더현대서울,64
2021-09-21,더현대서울,66
2021-09-22,더현대서울,8787
2021-09-23,더현대서울,5735
2021-09-24,더현대서울,7171
2021-09-25,더현대서울,7004
2021-09-26,더현대서울,7477
2021-09-27,더현대서울,5048
2021-09-28,더현대서울,5592
2021-09-29,더현대서울,5968
2021-09-30,더현대서울,5888
2021-10-01,더현대서울,6423
2021-10-02,더현대서울,7624
2021-10-03,더현대서울,8707
2021-10-04,더현대서울,6716
2021-10-05,더현대서울,5275
2021-10-06,더현대서울,5529
2021-10-07,더현대서울,6058
2021-10-08,더현대서울,7162
2021-10-09,더현대서울,8737
2021-10-10,더현대서울,9562
2021-10-11,더현대서울,7741
2021-10-12,더현대서울,5079
2021-10-13,더현대서울,5644
2021-10-14,더현대서울,6000
2021-10-15,더현대서울,7377
2021-10-16,더현대서울,8543
2021-10-17,더현대서울,8580
2021-10-18,더현대서울,402
2021-10-19,더현대서울,6885
2021-10-20,더현대서울,6420
2021-10-21,더현대서울,6500
2021-10-22,더현대서울,7455
2021-10-23,더현대서울,8503
2021-10-24,더현대서울,8890
2021-10-25,더현대서울,5662
2021-10-26,더현대서울,6922
2021-10-27,더현대서울,6964
2021-10-28,더현대서울,7543
2021-10-29,더현대서울,7702
2021-10-30,더현대서울,8076
2021-10-31,더현대서울,7111
2021-11-01,더현대서울,5835
2021-11-02,더현대서울,6116
2021-11-03,더현대서울,6871
2021-11-04,더현대서울,6790
2021-11-05,더현대서울,7878
2021-11-06,더현대서울,7511
2021-11-07,더현대서울,7850
2021-11-08,더현대서울,6437
2021-11-09,더현대서울,7330
2021-11-10,더현대서울,6719
2021-11-11,더현대서울,7416
2021-11-12,더현대서울,8344
2021-11-13,더현대서울,8718
2021-11-14,더현대서울,8585
2021-11-15,더현대서울,301
2021-11-16,더현대서울,7181
2021-11-17,더현대서울,7389
2021-11-18,더현대서울,7270
2021-11-19,더현대서울,7746
2021-11-20,더현대서울,8053
2021-11-21,더현대서울,8181
2021-11-22,더현대서울,6889
2021-11-23,더현대서울,7463
2021-11-24,더현대서울,7047
2021-11-25,더현대서울,7539
2021-11-26,더현대서울,8095
2021-11-27,더현대서울,8588
2021-11-28,더현대서울,8865
2021-11-29,더현대서울,5855
2021-11-30,더현대서울,6014
2021-12-01,더현대서울,6869
2021-12-02,더현대서울,6951
2021-12-03,더현대서울,7490
2021-12-04,더현대서울,7143
2021-12-05,더현대서울,6993
2021-12-06,더현대서울,5971
2021-12-07,더현대서울,5772
2021-12-08,더현대서울,6013
2021-12-09,더현대서울,6440
2021-12-10,더현대서울,7234
2021-12-11,더현대서울,6828
2021-12-12,더현대서울,7786
2021-12-13,더현대서울,5880
2021-12-14,더현대서울,6127
2021-12-15,더현대서울,6007
2021-12-16,더현대서울,6809
2021-12-17,더현대서울,7711
2021-12-18,더현대서울,6837
2021-12-19,더현대서울,8209
2021-12-20,더현대서울,6727
2021-12-21,더현대서울,6892
2021-12-22,더현대서울,6311
2021-12-23,더현대서울,8297
2021-12-24,더현대서울,10208
2021-12-25,더현대서울,9967
2021-12-26,더현대서울,8947
2021-12-27,더현대서울,6881
2021-12-28,더현대서울,7206
2021-12-29,더현대서울,7862
2021-12-30,더현대서울,8790
2021-12-31,더현대서울,9395
2022-01-01,더현대서울,34
2022-01-02,더현대서울,7337
2022-01-03,더현대서울,5401
2022-01-04,더현대서울,5471
2022-01-05,더현대서울,5255
2022-01-06,더현대서울,5478
2022-01-07,더현대서울,6446
2022-01-08,더현대서울,6556
2022-01-09,더현대서울,6698
2022-01-10,더현대서울,4928
2022-01-11,더현대서울,5305
2022-01-12,더현대서울,5581
2022-01-13,더현대서울,5537
2022-01-14,더현대서울,6653
2022-01-15,더현대서울,6397
2022-01-16,더현대서울,7027
2022-01-17,더현대서울,5293
2022-01-18,더현대서울,5519
2022-01-19,더현대서울,5211
2022-01-20,더현대서울,6012
2022-01-21,더현대서울,5686
2022-01-22,더현대서울,6635
2022-01-23,더현대서울,7064
2022-01-24,더현대서울,5490
2022-01-25,더현대서울,5090
2022-01-26,더현대서울,5677
2022-01-27,더현대서울,5776
2022-01-28,더현대서울,6097
2022-01-29,더현대서울,5746
2022-01-30,더현대서울,6304
2022-01-31,더현대서울,34
2022-02-01,더현대서울,36
2022-02-02,더현대서울,7415
2022-02-03,더현대서울,5010
2022-02-04,더현대서울,6028
2022-02-05,더현대서울,6137
2022-02-06,더현대서울,6373
2022-02-07,더현대서울,5184
2022-02-08,더현대서울,5406
2022-02-09,더현대서울,5880
2022-02-10,더현대서울,5806
2022-02-11,더현대서울,6559
2022-02-12,더현대서울,7536
2022-02-13,더현대서울,7331
2022-02-14,더현대서울,5674
2022-02-15,더현대서울,5622
2022-02-16,더현대서울,5297
2022-02-17,더현대서울,6002
2022-02-18,더현대서울,6929
2022-02-19,더현대서울,7430
2022-02-20,더현대서울,7581
2022-02-21,더현대서울,6032
2022-02-22,더현대서울,6577
2022-02-23,더현대서울,7383
2022-02-24,더현대서울,7287
2022-02-25,더현대서울,8740
2022-02-26,더현대서울,9925
2022-02-27,더현대서울,10787
2022-02-28,더현대서울,8990
2022-03-01,더현대서울,8846
2022-03-02,더현대서울,5967
2022-03-03,더현대서울,6216
2022-03-04,더현대서울,7405
2022-03-05,더현대서울,8581
2022-03-06,더현대서울,8910
2022-03-07,더현대서울,312
2022-03-08,더현대서울,7119
2022-03-09,더현대서울,8422
2022-03-10,더현대서울,6011
2022-03-11,더현대서울,6610
2022-03-12,더현대서울,7787
2022-03-13,더현대서울,8245
2022-03-14,더현대서울,6513
2022-03-15,더현대서울,6065
2022-03-16,더현대서울,5916
2022-03-17,더현대서울,6278
2022-03-18,더현대서울,7147
2022-03-19,더현대서울,8161
2022-03-20,더현대서울,8518
2022-03-21,더현대서울,5555
2022-03-22,더현대서울,5792
2022-03-23,더현대서울,6029
2022-03-24,더현대서울,6235
2022-03-25,더현대서울,6678
2022-03-26,더현대서울,8068
2022-03-27,더현대서울,8976
2022-03-28,더현대서울,5850
2022-03-29,더현대서울,6661
2022-03-30,더현대서울,6528
2022-03-31,더현대서울,6782
2022-04-01,더현대서울,7954
2022-04-02,더현대서울,10158
2022-04-03,더현대서울,8957
2022-04-04,더현대서울,6812
2022-04-05,더현대서울,6967
2022-04-06,더현대서울,7317
2022-04-07,더현대서울,8095
2022-04-08,더현대서울,9618
2022-04-09,더현대서울,13429
2022-04-10,더현대서울,11925
2022-04-11,더현대서울,7882
2022-04-12,더현대서울,7476
2022-04-13,더현대서울,7022
2022-04-14,더현대서울,7507
2022-04-15,더현대서울,8348
2022-04-16,더현대서울,9826
2022-04-17,더현대서울,8843
2022-04-18,더현대서울,276
2022-04-19,더현대서울,7144
2022-04-20,더현대서울,7287
2022-04-21,더현대서울,7440
2022-04-22,더현대서울,8409
2022-04-23,더현대서울,9573
2022-04-24,더현대서울,9666
2022-04-25,더현대서울,6216
2022-04-26,더현대서울,7039
2022-04-27,더현대서울,6810
2022-04-28,더현대서울,7198
2022-04-29,더현대서울,8302
2022-04-30,더현대서울,10280
2022-05-01,더현대서울,8885
2022-05-02,더현대서울,6784
2022-05-03,더현대서울,7042
2022-05-04,더현대서울,7317
2022-05-05,더현대서울,10486
2022-05-06,더현대서울,10135
2022-05-07,더현대서울,8178
2022-05-08,더현대서울,6987
2022-05-09,더현대서울,5953
2022-05-10,더현대서울,5925
2022-05-11,더현대서울,6347
2022-05-12,더현대서울,6676
2022-05-13,더현대서울,7582
2022-05-14,더현대서울,8667
2022-05-15,더현대서울,8513
2022-05-16,더현대서울,303
2022-05-17,더현대서울,6884
2022-05-18,더현대서울,6673
2022-05-19,더현대서울,6738
2022-05-20,더현대서울,7864
2022-05-21,더현대서울,8417
2022-05-22,더현대서울,7973
2022-05-23,더현대서울,5974
2022-05-24,더현대서울,6287
2022-05-25,더현대서울,6513
2022-05-26,더현대서울,6951
2022-05-27,더현대서울,7648
2022-05-28,더현대서울,8672
2022-05-29,더현대서울,7796
2022-05-30,더현대서울,5769
2022-05-31,더현대서울,7069
2022-06-01,더현대서울,8587
2022-06-02,더현대서울,7056
2022-06-03,더현대서울,8152
2022-06-04,더현대서울,9859
2022-06-05,더현대서울,9589
2022-06-06,더현대서울,9621
2022-06-07,더현대서울,5870
2022-06-08,더현대서울,6232
2022-06-09,더현대서울,6838
2022-06-10,더현대서울,7305
2022-06-11,더현대서울,8892
2022-06-12,더현대서울,8363
2022-06-13,더현대서울,381
2022-06-14,더현대서울,7397
2022-06-15,더현대서울,7191
2022-06-16,더현대서울,7005
2022-06-17,더현대서울,7219
2022-06-18,더현대서울,8301
2022-06-19,더현대서울,7401
2022-06-20,더현대서울,6262
2022-06-21,더현대서울,7347
2022-06-22,더현대서울,7645
2022-06-23,더현대서울,7436
2022-06-24,더현대서울,8008
2022-06-25,더현대서울,8649
2022-06-26,더현대서울,7830
2022-06-27,더현대서울,6846
2022-06-28,더현대서울,6863
2022-06-29,더현대서울,7442
2022-06-30,더현대서울,7330
2022-07-01,더현대서울,9061
2022-07-02,더현대서울,9902
2022-07-03,더현대서울,9160
2022-07-04,더현대서울,7102
2022-07-05,더현대서울,7681
2022-07-06,더현대서울,7527
2022-07-07,더현대서울,7592
2022-07-08,더현대서울,8408
2022-07-09,더현대서울,9375
2022-07-10,더현대서울,9062
2022-07-11,더현대서울,241
2022-07-12,더현대서울,8030
2022-07-13,더현대서울,7643
2022-07-14,더현대서울,8201
2022-07-15,더현대서울,9000
2022-07-16,더현대서울,8407
2022-07-17,더현대서울,7727
2022-07-18,더현대서울,7480
2022-07-19,더현대서울,7733
2022-07-20,더현대서울,7184
2022-07-21,더현대서울,8164
2022-07-22,더현대서울,8427
2022-07-23,더현대서울,8234
2022-07-24,더현대서울,7964
2022-07-25,더현대서울,7978
2022-07-26,더현대서울,8200
2022-07-27,더현대서울,8679
2022-07-28,더현대서울,9101
2022-07-29,더현대서울,10660
2022-07-30,더현대서울,10279
2022-07-31,더현대서울,8947
2022-08-01,더현대서울,9811
2022-08-02,더현대서울,10061
2022-08-03,더현대서울,10073
2022-08-04,더현대서울,9759
2022-08-05,더현대서울,11501
2022-08-06,더현대서울,10394
2022-08-07,더현대서울,10392
2022-08-08,더현대서울,245
2022-08-09,더현대서울,8172
2022-08-10,더현대서울,9341
2022-08-11,더현대서울,6003
2022-08-12,더현대서울,12306
2022-08-13,더현대서울,10911
2022-08-14,더현대서울,12601
2022-08-15,더현대서울,10680
2022-08-16,더현대서울,9718
2022-08-17,더현대서울,10457
2022-08-18,더현대서울,10566
2022-08-19,더현대서울,11317
2022-08-20,더현대서울,11677
2022-08-21,더현대서울,10956
2022-08-22,더현대서울,8834
2022-08-23,더현대서울,9414
2022-08-24,더현대서울,9769
2022-08-25,더현대서울,9999
2022-08-26,더현대서울,11609
2022-08-27,더현대서울,11229
2022-08-28,더현대서울,11003
2022-08-29,더현대서울,9033
2022-08-30,더현대서울,10146
2022-08-31,더현대서울,10158
2022-09-01,더현대서울,9226
2022-09-02,더현대서울,10326
2022-09-03,더현대서울,10282
2022-09-04,더현대서울,9400
2022-09-05,더현대서울,7708
2022-09-06,더현대서울,7471
2022-09-07,더현대서울,8930
2022-09-08,더현대서울,10458
2022-09-09,더현대서울,36
2022-09-10,더현대서울,39
2022-09-11,더현대서울,11967
2022-09-12,더현대서울,10009
2022-09-13,더현대서울,7294
2022-09-14,더현대서울,7365
2022-09-15,더현대서울,7916
2022-09-16,더현대서울,9100
2022-09-17,더현대서울,9845
2022-09-18,더현대서울,10163
2022-09-19,더현대서울,7652
2022-09-20,더현대서울,8122
2022-09-21,더현대서울,8537
2022-09-22,더현대서울,8546
2022-09-23,더현대서울,10209
2022-09-24,더현대서울,9973
2022-09-25,더현대서울,10066
2022-09-26,더현대서울,7381
2022-09-27,더현대서울,8042
2022-09-28,더현대서울,8389
2022-09-29,더현대서울,8533
2022-09-30,더현대서울,9711
2022-10-01,더현대서울,9349
2022-10-02,더현대서울,10526
2022-10-03,더현대서울,9122
2022-10-04,더현대서울,7079
2022-10-05,더현대서울,7805
2022-10-06,더현대서울,7598
2022-10-07,더현대서울,9173
2022-10-08,더현대서울,11060
2022-10-09,더현대서울,11251
2022-10-10,더현대서울,9325
2022-10-11,더현대서울,7408
2022-10-12,더현대서울,7305
2022-10-13,더현대서울,7515
2022-10-14,더현대서울,8449
2022-10-15,더현대서울,8770
2022-10-16,더현대서울,8219
2022-10-17,더현대서울,461
2022-10-18,더현대서울,7798
2022-10-19,더현대서울,7784
2022-10-20,더현대서울,7676
2022-10-21,더현대서울,8781
2022-10-22,더현대서울,8345
2022-10-23,더현대서울,9105
2022-10-24,더현대서울,7451
2022-10-25,더현대서울,7725
2022-10-26,더현대서울,7841
2022-10-27,더현대서울,8055
2022-10-28,더현대서울,9248
2022-10-29,더현대서울,9030
2022-10-30,더현대서울,8708
2022-10-31,더현대서울,7233
2022-11-01,더현대서울,7231
2022-11-02,더현대서울,7814
2022-11-03,더현대서울,8303
2022-11-04,더현대서울,10297
2022-11-05,더현대서울,10929
2022-11-06,더현대서울,10619
2022-11-07,더현대서울,8250
2022-11-08,더현대서울,8736
2022-11-09,더현대서울,8577
2022-11-10,더현대서울,9580
2022-11-11,더현대서울,10218
2022-11-12,더현대서울,12000
2022-11-13,더현대서울,12130
2022-11-14,더현대서울,314
2022-11-15,더현대서울,10261
2022-11-16,더현대서울,9772
2022-11-17,더현대서울,9120
2022-11-18,더현대서울,10790
2022-11-19,더현대서울,12114
2022-11-20,더현대서울,11015
2022-11-21,더현대서울,8681
2022-11-22,더현대서울,8461
2022-11-23,더현대서울,8839
2022-11-24,더현대서울,8671
2022-11-25,더현대서울,10753
2022-11-26,더현대서울,11722
2022-11-27,더현대서울,11800
2022-11-28,더현대서울,9228
2022-11-29,더현대서울,9593
2022-11-30,더현대서울,10749
2022-12-01,더현대서울,9824
2022-12-02,더현대서울,11078
2022-12-03,더현대서울,10752
2022-12-04,더현대서울,11698
2022-12-05,더현대서울,8863
2022-12-06,더현대서울,9570
2022-12-07,더현대서울,9763
2022-12-08,더현대서울,10035
2022-12-09,더현대서울,10963
2022-12-10,더현대서울,13735
2022-12-11,더현대서울,12794
2022-12-12,더현대서울,9496
2022-12-13,더현대서울,10588
2022-12-14,더현대서울,10357
2022-12-15,더현대서울,10198
2022-12-16,더현대서울,12279
2022-12-17,더현대서울,12362
2022-12-18,더현대서울,12017
2022-12-19,더현대서울,10692
2022-12-20,더현대서울,11459
2022-12-21,더현대서울,10870
2022-12-22,더현대서울,11983
2022-12-23,더현대서울,14402
2022-12-24,더현대서울,15257
2022-12-25,더현대서울,14932
2022-12-26,더현대서울,10977
2022-12-27,더현대서울,10724
2022-12-28,더현대서울,11012
2022-12-29,더현대서울,11173
2022-12-30,더현대서울,13609
2022-12-31,더현대서울,10959
2023-01-01,더현대서울,43
2023-01-02,더현대서울,8944
2023-01-03,더현대서울,9222
2023-01-04,더현대서울,8957
2023-01-05,더현대서울,8456
2023-01-06,더현대서울,9879
2023-01-07,더현대서울,10012
2023-01-08,더현대서울,9941
2023-01-09,더현대서울,8309
2023-01-10,더현대서울,8565
2023-01-11,더현대서울,8691
2023-01-12,더현대서울,9244
2023-01-13,더현대서울,9388
2023-01-14,더현대서울,8599
2023-01-15,더현대서울,9178
2023-01-16,더현대서울,8573
2023-01-17,더현대서울,8896
2023-01-18,더현대서울,8706
2023-01-19,더현대서울,8754
2023-01-20,더현대서울,10236
2023-01-21,더현대서울,41
2023-01-23,더현대서울,12894
2023-01-24,더현대서울,9559
2023-01-25,더현대서울,8549
2023-01-26,더현대서울,9264
2023-01-27,더현대서울,11286
2023-01-28,더현대서울,10880
2023-01-29,더현대서울,10721
2023-01-30,더현대서울,8940
2023-01-31,더현대서울,10173
2023-02-01,더현대서울,9763
2023-02-02,더현대서울,9736
2023-02-03,더현대서울,10827
2023-02-04,더현대서울,10860
2023-02-05,더현대서울,10382
2023-02-06,더현대서울,8822
2023-02-07,더현대서울,9350
2023-02-08,더현대서울,9031
2023-02-09,더현대서울,9090
2023-02-10,더현대서울,10110
2023-02-11,더현대서울,11316
2023-02-12,더현대서울,10971
2023-02-13,더현대서울,8830
2023-02-14,더현대서울,9903
2023-02-15,더현대서울,9207
2023-02-16,더현대서울,9508
2023-02-17,더현대서울,10228
2023-02-18,더현대서울,9485
2023-02-19,더현대서울,10222
2023-02-20,더현대서울,9231
2023-02-21,더현대서울,9590
2023-02-22,더현대서울,9479
2023-02-23,더현대서울,9369
2023-02-24,더현대서울,11730
2023-02-25,더현대서울,12076
2023-02-26,더현대서울,12266
2023-02-27,더현대서울,10141
2023-02-28,더현대서울,12487
2023-03-01,더현대서울,11833
2023-03-02,더현대서울,9215
2023-03-03,더현대서울,11492
2023-03-04,더현대서울,11347
2023-03-05,더현대서울,11308
2023-03-06,더현대서울,9424
2023-03-07,더현대서울,9740
2023-03-08,더현대서울,9687
2023-03-09,더현대서울,10804
2023-03-10,더현대서울,10791
2023-03-11,더현대서울,10585
2023-03-12,더현대서울,10080
2023-03-13,더현대서울,9554
2023-03-14,더현대서울,10652
2023-03-15,더현대서울,9833
2023-03-16,더현대서울,10631
2023-03-17,더현대서울,10287
2023-03-18,더현대서울,11154
2023-03-19,더현대서울,10278
2023-03-20,더현대서울,376
2023-03-21,더현대서울,9909
2023-03-22,더현대서울,9755
2023-03-23,더현대서울,9687
2023-03-24,더현대서울,11198
2023-03-25,더현대서울,11691
2023-03-26,더현대서울,12188
2023-03-27,더현대서울,9164
2023-03-28,더현대서울,9765
2023-03-29,더현대서울,10360
2023-03-30,더현대서울,11180
2023-03-31,더현대서울,12032
2023-04-01,더현대서울,13672
2023-04-02,더현대서울,12724
2023-04-03,더현대서울,10558
2023-04-04,더현대서울,9692
2023-04-05,더현대서울,10248
2023-04-06,더현대서울,9524
2023-04-07,더현대서울,11456
2023-04-08,더현대서울,10815
2023-04-09,더현대서울,10013
2023-04-10,더현대서울,8369
2023-04-11,더현대서울,9001
2023-04-12,더현대서울,10020
2023-04-13,더현대서울,10111
2023-04-14,더현대서울,9744
2023-04-15,더현대서울,10667
2023-04-16,더현대서울,9730
2023-04-17,더현대서울,437
2023-04-18,더현대서울,10325
2023-04-19,더현대서울,10172
2023-04-20,더현대서울,8849
2023-04-21,더현대서울,10959
2023-04-22,더현대서울,10024
2023-04-23,더현대서울,10228
2023-04-24,더현대서울,8707
2023-04-25,더현대서울,9687
2023-04-26,더현대서울,10494
2023-04-27,더현대서울,10204
2023-04-28,더현대서울,10728
2023-04-29,더현대서울,9557
2023-04-30,더현대서울,10721
2023-05-01,더현대서울,10464
2023-05-02,더현대서울,8137
2023-05-03,더현대서울,8631
2023-05-04,더현대서울,9815
2023-05-05,더현대서울,10583
2023-05-06,더현대서울,9230
2023-05-07,더현대서울,8323
2023-05-08,더현대서울,7838
2023-05-09,더현대서울,8645
2023-05-10,더현대서울,8699
2023-05-11,더현대서울,9299
2023-05-12,더현대서울,10240
2023-05-13,더현대서울,9967
2023-05-14,더현대서울,9400
2023-05-15,더현대서울,8669
2023-05-16,더현대서울,9165
2023-05-17,더현대서울,9767
2023-05-18,더현대서울,9471
2023-05-19,더현대서울,10485
2023-05-20,더현대서울,10361
2023-05-21,더현대서울,9099
2023-05-22,더현대서울,393
2023-05-23,더현대서울,9995
2023-05-24,더현대서울,9740
2023-05-25,더현대서울,9716
2023-05-26,더현대서울,11504
2023-05-27,더현대서울,10098
2023-05-28,더현대서울,11241
2023-05-29,더현대서울,9807
2023-05-30,더현대서울,8685
2023-05-31,더현대서울,8828
2023-06-01,더현대서울,8918
2023-06-02,더현대서울,10086
2023-06-03,더현대서울,10337
2023-06-04,더현대서울,10216
2023-06-05,더현대서울,11491
2023-06-06,더현대서울,9386
2023-06-07,더현대서울,8037
2023-06-08,더현대서울,9378
2023-06-09,더현대서울,9652
2023-06-10,더현대서울,9616
2023-06-11,더현대서울,9225
2023-06-12,더현대서울,8622
2023-06-13,더현대서울,9650
2023-06-14,더현대서울,9443
2023-06-15,더현대서울,10259
2023-06-16,더현대서울,10974
2023-06-17,더현대서울,9317
2023-06-18,더현대서울,9198
2023-06-19,더현대서울,241
2023-06-20,더현대서울,10188
2023-06-21,더현대서울,10106
2023-06-22,더현대서울,9728
2023-06-23,더현대서울,11882
2023-06-24,더현대서울,11191
2023-06-25,더현대서울,10482
2023-06-26,더현대서울,9243
2023-06-27,더현대서울,10825
2023-06-28,더현대서울,10657
2023-06-29,더현대서울,10151
2023-06-30,더현대서울,11892
2023-07-01,더현대서울,11510
2023-07-02,더현대서울,10662
2023-07-03,더현대서울,10631
2023-07-04,더현대서울,10132
2023-07-05,더현대서울,10564
2023-07-06,더현대서울,11009
2023-07-07,더현대서울,11823
2023-07-08,더현대서울,11011
2023-07-09,더현대서울,9301
2023-07-10,더현대서울,9788
2023-07-11,더현대서울,9817
2023-07-12,더현대서울,10338
2023-07-13,더현대서울,10437
2023-07-14,더현대서울,11224
2023-07-15,더현대서울,9292
2023-07-16,더현대서울,8783
2023-07-17,더현대서울,547
2023-07-18,더현대서울,10363
2023-07-19,더현대서울,10812
2023-07-20,더현대서울,10978
2023-07-21,더현대서울,12392
2023-07-22,더현대서울,10263
2023-07-23,더현대서울,10344
2023-07-24,더현대서울,10502
2023-07-25,더현대서울,11651
2023-07-26,더현대서울,11985
2023-07-27,더현대서울,12762
2023-07-28,더현대서울,13896
2023-07-29,더현대서울,11194
2023-07-30,더현대서울,11771
2023-07-31,더현대서울,13889
2023-08-01,더현대서울,14058
2023-08-02,더현대서울,14013
2023-08-03,더현대서울,14248
2023-08-04,더현대서울,14601
2023-08-05,더현대서울,11497
2023-08-06,더현대서울,10735
2023-08-07,더현대서울,562
2023-08-08,더현대서울,12803
2023-08-09,더현대서울,10736
2023-08-10,더현대서울,8971
2023-08-11,더현대서울,11535
2023-08-12,더현대서울,10116
2023-08-13,더현대서울,10745
2023-08-14,더현대서울,12258
2023-08-15,더현대서울,10606
2023-08-16,더현대서울,10290
2023-08-17,더현대서울,10726
2023-08-18,더현대서울,11116
2023-08-19,더현대서울,9902
2023-08-20,더현대서울,9546
2023-08-21,더현대서울,9771
2023-08-22,더현대서울,9947
2023-08-23,더현대서울,9931
2023-08-24,더현대서울,10476
2023-08-25,더현대서울,11783
2023-08-26,더현대서울,11153
2023-08-27,더현대서울,10248
2023-08-28,더현대서울,9344
2023-08-29,더현대서울,10568
2023-08-30,더현대서울,10285
2023-08-31,더현대서울,10905
2023-09-01,더현대서울,10964
2023-09-02,더현대서울,12021
2023-09-03,더현대서울,10016
2023-09-04,더현대서울,9918
2023-09-05,더현대서울,10517
2023-09-06,더현대서울,10847
2023-09-07,더현대서울,9768
2023-09-08,더현대서울,10919
2023-09-09,더현대서울,10731
2023-09-10,더현대서울,10813
2023-09-11,더현대서울,9401
2023-09-12,더현대서울,9503
2023-09-13,더현대서울,10023
2023-09-14,더현대서울,10165
2023-09-15,더현대서울,10383
2023-09-16,더현대서울,11134
2023-09-17,더현대서울,10217
2023-09-18,더현대서울,9059
2023-09-19,더현대서울,9631
2023-09-20,더현대서울,10102
2023-09-21,더현대서울,9699
2023-09-22,더현대서울,11258
2023-09-23,더현대서울,10789
2023-09-24,더현대서울,10360
2023-09-25,더현대서울,9415
2023-09-26,더현대서울,10359
2023-09-27,더현대서울,10399
2023-09-28,더현대서울,21
2023-09-29,더현대서울,32
2023-09-30,더현대서울,12311
2023-10-01,더현대서울,10169
2023-10-02,더현대서울,10953
2023-10-03,더현대서울,9283
2023-10-04,더현대서울,7594
2023-10-05,더현대서울,8658
2023-10-06,더현대서울,10356
2023-10-07,더현대서울,11295
2023-10-08,더현대서울,10705
2023-10-09,더현대서울,8936
2023-10-10,더현대서울,8116
2023-10-11,더현대서울,8828
2023-10-12,더현대서울,9207
2023-10-13,더현대서울,10442
2023-10-14,더현대서울,10968
2023-10-15,더현대서울,10761
2023-10-16,더현대서울,369
2023-10-17,더현대서울,9809
2023-10-18,더현대서울,9168
2023-10-19,더현대서울,9289
2023-10-20,더현대서울,10442
2023-10-21,더현대서울,9503
2023-10-22,더현대서울,8255
2023-10-23,더현대서울,8525
2023-10-24,더현대서울,8224
2023-10-25,더현대서울,8440
2023-10-26,더현대서울,9583
2023-10-27,더현대서울,9800
2023-10-28,더현대서울,9318
2023-10-29,더현대서울,9243
2023-10-30,더현대서울,8652
2023-10-31,더현대서울,8626
2023-11-01,더현대서울,9975
2023-11-02,더현대서울,9635
2023-11-03,더현대서울,11411
2023-11-04,더현대서울,10351
2023-11-05,더현대서울,10998
2023-11-06,더현대서울,10453
2023-11-07,더현대서울,10994
2023-11-08,더현대서울,10868
2023-11-09,더현대서울,11006
2023-11-10,더현대서울,13082
2023-11-11,더현대서울,12215
2023-11-12,더현대서울,12336
2023-11-13,더현대서울,538
2023-11-14,더현대서울,11945
2023-11-15,더현대서울,11594
2023-11-16,더현대서울,11730
2023-11-17,더현대서울,13339
2023-11-18,더현대서울,12332
2023-11-19,더현대서울,11697
2023-11-20,더현대서울,10279
2023-11-21,더현대서울,11288
2023-11-22,더현대서울,10902
2023-11-23,더현대서울,11645
2023-11-24,더현대서울,14215
2023-11-25,더현대서울,11324
2023-11-26,더현대서울,11410
2023-11-27,더현대서울,10690
2023-11-28,더현대서울,11668
2023-11-29,더현대서울,11025
2023-11-30,더현대서울,12141
2023-12-01,더현대서울,12678
2023-12-02,더현대서울,11843
2023-12-03,더현대서울,11043
2023-12-04,더현대서울,11126
2023-12-05,더현대서울,11014
2023-12-06,더현대서울,11029
2023-12-07,더현대서울,11997
2023-12-08,더현대서울,11547
2023-12-09,더현대서울,11021
2023-12-10,더현대서울,11291
2023-12-11,더현대서울,11242
2023-12-12,더현대서울,12224
2023-12-13,더현대서울,11264
2023-12-14,더현대서울,12227
2023-12-15,더현대서울,11877
2023-12-16,더현대서울,11262
2023-12-17,더현대서울,10950
2023-12-18,더현대서울,11773
2023-12-19,더현대서울,12236
2023-12-20,더현대서울,12405
2023-12-21,더현대서울,13080
2023-12-22,더현대서울,14453
2023-12-23,더현대서울,13013
2023-12-24,더현대서울,16284
2023-12-25,더현대서울,14266
2023-12-26,더현대서울,10263
2023-12-27,더현대서울,10166
2023-12-28,더현대서울,10990
2023-12-29,더현대서울,11315
2023-12-30,더현대서울,8404
2023-12-31,더현대서울,10962
2024-01-01,더현대서울,69
2024-01-02,더현대서울,9298
2024-01-03,더현대서울,9521
2024-01-04,더현대서울,9899
2024-01-05,더현대서울,9568
2024-01-06,더현대서울,8427
2024-01-07,더현대서울,8420
2024-01-08,더현대서울,9792
2024-01-09,더현대서울,9126
2024-01-10,더현대서울,8830
2024-01-11,더현대서울,9568
2024-01-12,더현대서울,10625
2024-01-13,더현대서울,10261
2024-01-14,더현대서울,9328
2024-01-15,더현대서울,8919
2024-01-16,더현대서울,9946
2024-01-17,더현대서울,10654
2024-01-18,더현대서울,9893
2024-01-19,더현대서울,12128
2024-01-20,더현대서울,8418
2024-01-21,더현대서울,8915
2024-01-22,더현대서울,10810
2024-01-23,더현대서울,10998
2024-01-24,더현대서울,11258
2024-01-25,더현대서울,10755
2024-01-26,더현대서울,11501
2024-01-27,더현대서울,9889
2024-01-28,더현대서울,9605
2024-01-29,더현대서울,10039
2024-01-30,더현대서울,10323
2024-01-31,더현대서울,10485
2024-02-01,더현대서울,10916
2024-02-02,더현대서울,11001
2024-02-03,더현대서울,9337
2024-02-04,더현대서울,9162
2024-02-05,더현대서울,10269
2024-02-06,더현대서울,10339
2024-02-07,더현대서울,10814
2024-02-08,더현대서울,12450
2024-02-09,더현대서울,56
2024-02-10,더현대서울,58
2024-02-11,더현대서울,12477
2024-02-12,더현대서울,9984
2024-02-13,더현대서울,9974
2024-02-14,더현대서울,10631
2024-02-15,더현대서울,10350
2024-02-16,더현대서울,11349
2024-02-17,더현대서울,10373
2024-02-18,더현대서울,9903
2024-02-19,더현대서울,10819
2024-02-20,더현대서울,11005
2024-02-21,더현대서울,11591
2024-02-22,더현대서울,12396
2024-02-23,더현대서울,12756
2024-02-24,더현대서울,11320
2024-02-25,더현대서울,11207
2024-02-26,더현대서울,11768
2024-02-27,더현대서울,12264
2024-02-28,더현대서울,11998
2024-02-29,더현대서울,12470
2024-03-01,더현대서울,13341
2024-03-02,더현대서울,11230
2024-03-03,더현대서울,9517
2024-03-04,더현대서울,10031
2024-03-05,더현대서울,9619
2024-03-06,더현대서울,9831
2024-03-07,더현대서울,10166
2024-03-08,더현대서울,11423
2024-03-09,더현대서울,10886
2024-03-10,더현대서울,11451
2024-03-11,더현대서울,9134
2024-03-12,더현대서울,10307
2024-03-13,더현대서울,10355
2024-03-14,더현대서울,10588
2024-03-15,더현대서울,10882
2024-03-16,더현대서울,9866
2024-03-17,더현대서울,9454
2024-03-18,더현대서울,2256
2024-03-19,더현대서울,10405
2024-03-20,더현대서울,10511
2024-03-21,더현대서울,10298
2024-03-22,더현대서울,11614
2024-03-23,더현대서울,10503
2024-03-24,더현대서울,10362
2024-03-25,더현대서울,10050
2024-03-26,더현대서울,10460
2024-03-27,더현대서울,10621
2024-03-28,더현대서울,10356
2024-03-29,더현대서울,11144
2024-03-30,더현대서울,10312
2024-03-31,더현대서울,10567
2024-04-01,더현대서울,9344
2024-04-02,더현대서울,10519
2024-04-03,더현대서울,10178
2024-04-04,더현대서울,11293
2024-04-05,더현대서울,11836
2024-04-06,더현대서울,12336
2024-04-07,더현대서울,11430
2024-04-08,더현대서울,10182
2024-04-09,더현대서울,10484
2024-04-10,더현대서울,9769
2024-04-11,더현대서울,8998
2024-04-12,더현대서울,10276
2024-04-13,더현대서울,9731
2024-04-14,더현대서울,9093
2024-04-15,더현대서울,2255
2024-04-16,더현대서울,10732
2024-04-17,더현대서울,9866
2024-04-18,더현대서울,10449
2024-04-19,더현대서울,11708
2024-04-20,더현대서울,9585
2024-04-21,더현대서울,9216
2024-04-22,더현대서울,9772
2024-04-23,더현대서울,9960
2024-04-24,더현대서울,10408
2024-04-25,더현대서울,9914
2024-04-26,더현대서울,11318
2024-04-27,더현대서울,9826
2024-04-28,더현대서울,9479
2024-04-29,더현대서울,10346
2024-04-30,더현대서울,10767
2024-05-01,더현대서울,11317
2024-05-02,더현대서울,10277
2024-05-03,더현대서울,10888
2024-05-04,더현대서울,9724
2024-05-05,더현대서울,10728
2024-05-06,더현대서울,9537
2024-05-07,더현대서울,9884
2024-05-08,더현대서울,9417
2024-05-09,더현대서울,9975
2024-05-10,더현대서울,10700
2024-05-11,더현대서울,8792
2024-05-12,더현대서울,9290
2024-05-13,더현대서울,9404
2024-05-14,더현대서울,10749
2024-05-15,더현대서울,9324
2024-05-16,더현대서울,9322
2024-05-17,더현대서울,9387
2024-05-18,더현대서울,9578
2024-05-19,더현대서울,8439
2024-05-20,더현대서울,427
2024-05-21,더현대서울,9224
2024-05-22,더현대서울,8805
2024-05-23,더현대서울,10429
2024-05-24,더현대서울,10700
2024-05-25,더현대서울,10778
2024-05-26,더현대서울,9814
2024-05-27,더현대서울,9900
2024-05-28,더현대서울,9762
2024-05-29,더현대서울,9797
2024-05-30,더현대서울,9289
2024-05-31,더현대서울,10886
2024-06-01,더현대서울,11065
2024-06-02,더현대서울,9636
2024-06-03,더현대서울,9070
2024-06-04,더현대서울,9693
2024-06-05,더현대서울,9795
2024-06-06,더현대서울,12189
2024-06-07,더현대서울,13245
2024-06-08,더현대서울,10598
2024-06-09,더현대서울,9957
2024-06-10,더현대서울,10199
2024-06-11,더현대서울,10387
2024-06-12,더현대서울,10632
2024-06-13,더현대서울,10832
2024-06-14,더현대서울,12262
2024-06-15,더현대서울,11479
2024-06-16,더현대서울,10816
2024-06-17,더현대서울,449
2024-06-18,더현대서울,12883
2024-06-19,더현대서울,12192
2024-06-20,더현대서울,11896
2024-06-21,더현대서울,13080
2024-06-22,더현대서울,10674
2024-06-23,더현대서울,11599
2024-06-24,더현대서울,10455
2024-06-25,더현대서울,11250
2024-06-26,더현대서울,11379
2024-06-27,더현대서울,11770
2024-06-28,더현대서울,12163
2024-06-29,더현대서울,11601
2024-06-30,더현대서울,10512
2024-07-01,더현대서울,10904
2024-07-02,더현대서울,10368
2024-07-03,더현대서울,10363
2024-07-04,더현대서울,12062
2024-07-05,더현대서울,10994
2024-07-06,더현대서울,11201
2024-07-07,더현대서울,10077
2024-07-08,더현대서울,10284
2024-07-09,더현대서울,10818
2024-07-10,더현대서울,11611
2024-07-11,더현대서울,11748
2024-07-12,더현대서울,11971
2024-07-13,더현대서울,10854
2024-07-14,더현대서울,11148
2024-07-15,더현대서울,479
2024-07-16,더현대서울,11403
2024-07-17,더현대서울,11050
2024-07-18,더현대서울,10745
2024-07-19,더현대서울,12771
2024-07-20,더현대서울,10933
2024-07-21,더현대서울,11117
2024-07-22,더현대서울,11723
2024-07-23,더현대서울,11649
2024-07-24,더현대서울,11203
2024-07-25,더현대서울,12603
2024-07-26,더현대서울,14109
2024-07-27,더현대서울,11809
2024-07-28,더현대서울,12267
2024-07-29,더현대서울,12463
2024-07-30,더현대서울,14030
2024-07-31,더현대서울,14383
2024-08-01,더현대서울,14502
2024-08-02,더현대서울,15214
2024-08-03,더현대서울,12572
2024-08-04,더현대서울,11696
2024-08-05,더현대서울,434
2024-08-06,더현대서울,13068
2024-08-07,더현대서울,12993
2024-08-08,더현대서울,13019
2024-08-09,더현대서울,13133
2024-08-10,더현대서울,11640
2024-08-11,더현대서울,11823
2024-08-12,더현대서울,12482
2024-08-13,더현대서울,13052
2024-08-14,더현대서울,12784
2024-08-15,더현대서울,12700
2024-08-16,더현대서울,14484
2024-08-17,더현대서울,11249
2024-08-18,더현대서울,10528
2024-08-19,더현대서울,11395
2024-08-20,더현대서울,11222
2024-08-21,더현대서울,10201
2024-08-22,더현대서울,11229
2024-08-23,더현대서울,13143
2024-08-24,더현대서울,10925
2024-08-25,더현대서울,10752
2024-08-26,더현대서울,11095
2024-08-27,더현대서울,11712
2024-08-28,더현대서울,11428
2024-08-29,더현대서울,11438
2024-08-30,더현대서울,12500
2024-08-31,더현대서울,11689
2024-09-01,더현대서울,10158
2024-09-02,더현대서울,9028
2024-09-03,더현대서울,10615
2024-09-04,더현대서울,10988
2024-09-05,더현대서울,10709
2024-09-06,더현대서울,11305
2024-09-07,더현대서울,10528
2024-09-08,더현대서울,10342
2024-09-09,더현대서울,10174
2024-09-10,더현대서울,11194
2024-09-11,더현대서울,10881
2024-09-12,더현대서울,10916
2024-09-13,더현대서울,11306
2024-09-14,더현대서울,9511
2024-09-15,더현대서울,11315
2024-09-16,더현대서울,37
2024-09-17,더현대서울,46
2024-09-18,더현대서울,11201
2024-09-19,더현대서울,8796
2024-09-20,더현대서울,10169
2024-09-21,더현대서울,8934
2024-09-22,더현대서울,9360
2024-09-23,더현대서울,8837
2024-09-24,더현대서울,10166
2024-09-25,더현대서울,9546
2024-09-26,더현대서울,10631
2024-09-27,더현대서울,11507
2024-09-28,더현대서울,9142
2024-09-29,더현대서울,9200
2024-09-30,더현대서울,9848
2024-10-01,더현대서울,10059
2024-10-02,더현대서울,9700
2024-10-03,더현대서울,10743
2024-10-04,더현대서울,11705
2024-10-05,더현대서울,11753
2024-10-06,더현대서울,9203
2024-10-07,더현대서울,8546
2024-10-08,더현대서울,9784
2024-10-09,더현대서울,10047
2024-10-10,더현대서울,8964
2024-10-11,더현대서울,9894
2024-10-12,더현대서울,9891
2024-10-13,더현대서울,9496
2024-10-14,더현대서울,9587
2024-10-15,더현대서울,9568
2024-10-16,더현대서울,9255
2024-10-17,더현대서울,9605
2024-10-18,더현대서울,10458
2024-10-19,더현대서울,9259
2024-10-20,더현대서울,9094
2024-10-21,더현대서울,867
2024-10-22,더현대서울,11021
2024-10-23,더현대서울,10565
2024-10-24,더현대서울,9625
2024-10-25,더현대서울,9728
2024-10-26,더현대서울,9376
2024-10-27,더현대서울,8742
2024-10-28,더현대서울,8631
2024-10-29,더현대서울,10227
2024-10-30,더현대서울,9149
2024-10-31,더현대서울,9284
2024-11-01,더현대서울,10608
2024-11-02,더현대서울,10254
2024-11-03,더현대서울,10140
2024-11-04,더현대서울,10102
2024-11-05,더현대서울,10893
2024-11-06,더현대서울,11024
2024-11-07,더현대서울,12144
2024-11-08,더현대서울,11892
2024-11-09,더현대서울,10950
2024-11-10,더현대서울,10717
2024-11-11,더현대서울,551
2024-11-12,더현대서울,11911
2024-11-13,더현대서울,10752
2024-11-14,더현대서울,10067
2024-11-15,더현대서울,11851
2024-11-16,더현대서울,10823
2024-11-17,더현대서울,10805
2024-11-18,더현대서울,11398
2024-11-19,더현대서울,11610
2024-11-20,더현대서울,11930
2024-11-21,더현대서울,11736
2024-11-22,더현대서울,11750
2024-11-23,더현대서울,10854
2024-11-24,더현대서울,10441
2024-11-25,더현대서울,9903
2024-11-26,더현대서울,11695
2024-11-27,더현대서울,12197
2024-11-28,더현대서울,11961
2024-11-29,더현대서울,13373
2024-11-30,더현대서울,13178
2024-12-01,더현대서울,11858
2024-12-02,더현대서울,10862
2024-12-03,더현대서울,12654
2024-12-04,더현대서울,9769
2024-12-05,더현대서울,11118
2024-12-06,더현대서울,11919
2024-12-07,더현대서울,10644
2024-12-08,더현대서울,10406
2024-12-09,더현대서울,10188
2024-12-10,더현대서울,10601
2024-12-11,더현대서울,11317
2024-12-12,더현대서울,11693
2024-12-13,더현대서울,12160
2024-12-14,더현대서울,11586
2024-12-15,더현대서울,9679
2024-12-16,더현대서울,10296
2024-12-17,더현대서울,11715
2024-12-18,더현대서울,10812
2024-12-19,더현대서울,11973
2024-12-20,더현대서울,13603
2024-12-21,더현대서울,11535
2024-12-22,더현대서울,11777
2024-12-23,더현대서울,12960
2024-12-24,더현대서울,15465
2024-12-25,더현대서울,16162
2024-12-26,더현대서울,11478
2024-12-27,더현대서울,11887
2024-12-28,더현대서울,10238
2024-12-29,더현대서울,9584
2024-12-30,더현대서울,10861
2024-12-31,더현대서울,11742
2021-04-01,롯데백화점_본점,9620
2021-04-02,롯데백화점_본점,11083
2021-04-03,롯데백화점_본점,9624
2021-04-04,롯데백화점_본점,9744
2021-04-05,롯데백화점_본점,9168
2021-04-06,롯데백화점_본점,9434
2021-04-07,롯데백화점_본점,9629
2021-04-08,롯데백화점_본점,10277
2021-04-09,롯데백화점_본점,11960
2021-04-10,롯데백화점_본점,9995
2021-04-11,롯데백화점_본점,9450
2021-04-12,롯데백화점_본점,8282
2021-04-13,롯데백화점_본점,9141
2021-04-14,롯데백화점_본점,9856
2021-04-15,롯데백화점_본점,8973
2021-04-16,롯데백화점_본점,10781
2021-04-17,롯데백화점_본점,9957
2021-04-18,롯데백화점_본점,9665
2021-04-19,롯데백화점_본점,2141
2021-04-20,롯데백화점_본점,9498
2021-04-21,롯데백화점_본점,9402
2021-04-22,롯데백화점_본점,9212
2021-04-23,롯데백화점_본점,10768
2021-04-24,롯데백화점_본점,9708
2021-04-25,롯데백화점_본점,8896
2021-04-26,롯데백화점_본점,8041
2021-04-27,롯데백화점_본점,9380
2021-04-28,롯데백화점_본점,9245
2021-04-29,롯데백화점_본점,9831
2021-04-30,롯데백화점_본점,11130
2021-05-01,롯데백화점_본점,9146
2021-05-02,롯데백화점_본점,8923
2021-05-03,롯데백화점_본점,8006
2021-05-04,롯데백화점_본점,7749
2021-05-05,롯데백화점_본점,6631
2021-05-06,롯데백화점_본점,1873
2021-05-07,롯데백화점_본점,7136
2021-05-08,롯데백화점_본점,6589
2021-05-09,롯데백화점_본점,6787
2021-05-10,롯데백화점_본점,7259
2021-05-11,롯데백화점_본점,8424
2021-05-12,롯데백화점_본점,8512
2021-05-13,롯데백화점_본점,8671
2021-05-14,롯데백화점_본점,9082
2021-05-15,롯데백화점_본점,7855
2021-05-16,롯데백화점_본점,7017
2021-05-17,롯데백화점_본점,7840
2021-05-18,롯데백화점_본점,8314
2021-05-19,롯데백화점_본점,8358
2021-05-20,롯데백화점_본점,8333
2021-05-21,롯데백화점_본점,9278
2021-05-22,롯데백화점_본점,8478
2021-05-23,롯데백화점_본점,7611
2021-05-24,롯데백화점_본점,7912
2021-05-25,롯데백화점_본점,8500
2021-05-26,롯데백화점_본점,8680
2021-05-27,롯데백화점_본점,8184
2021-05-28,롯데백화점_본점,8742
2021-05-29,롯데백화점_본점,7973
2021-05-30,롯데백화점_본점,7903
2021-05-31,롯데백화점_본점,7670
2021-06-01,롯데백화점_본점,8715
2021-06-02,롯데백화점_본점,8479
2021-06-03,롯데백화점_본점,8289
2021-06-04,롯데백화점_본점,9659
2021-06-05,롯데백화점_본점,8657
2021-06-06,롯데백화점_본점,8210
2021-06-07,롯데백화점_본점,7706
2021-06-08,롯데백화점_본점,8572
2021-06-09,롯데백화점_본점,8319
2021-06-10,롯데백화점_본점,8744
2021-06-11,롯데백화점_본점,9988
2021-06-12,롯데백화점_본점,8931
2021-06-13,롯데백화점_본점,8670
2021-06-14,롯데백화점_본점,1804
2021-06-15,롯데백화점_본점,8905
2021-06-16,롯데백화점_본점,9325
2021-06-17,롯데백화점_본점,8555
2021-06-18,롯데백화점_본점,9532
2021-06-19,롯데백화점_본점,9438
2021-06-20,롯데백화점_본점,7819
2021-06-21,롯데백화점_본점,8522
2021-06-22,롯데백화점_본점,8142
2021-06-23,롯데백화점_본점,9094
2021-06-24,롯데백화점_본점,9556
2021-06-25,롯데백화점_본점,10328
2021-06-26,롯데백화점_본점,9177
2021-06-27,롯데백화점_본점,9062
2021-06-28,롯데백화점_본점,8507
2021-06-29,롯데백화점_본점,8681
2021-06-30,롯데백화점_본점,9665
2021-07-01,롯데백화점_본점,9943
2021-07-02,롯데백화점_본점,10486
2021-07-03,롯데백화점_본점,8789
2021-07-04,롯데백화점_본점,8078
2021-07-05,롯데백화점_본점,8576
2021-07-06,롯데백화점_본점,9065
2021-07-07,롯데백화점_본점,9291
2021-07-08,롯데백화점_본점,9105
2021-07-09,롯데백화점_본점,9725
2021-07-10,롯데백화점_본점,8175
2021-07-11,롯데백화점_본점,7843
2021-07-12,롯데백화점_본점,1537
2021-07-13,롯데백화점_본점,8765
2021-07-14,롯데백화점_본점,8558
2021-07-15,롯데백화점_본점,8596
2021-07-16,롯데백화점_본점,8872
2021-07-17,롯데백화점_본점,7380
2021-07-18,롯데백화점_본점,7465
2021-07-19,롯데백화점_본점,7839
2021-07-20,롯데백화점_본점,7954
2021-07-21,롯데백화점_본점,8346
2021-07-22,롯데백화점_본점,8325
2021-07-23,롯데백화점_본점,9621
2021-07-24,롯데백화점_본점,8324
2021-07-25,롯데백화점_본점,8164
2021-07-26,롯데백화점_본점,8647
2021-07-27,롯데백화점_본점,8931
2021-07-28,롯데백화점_본점,9058
2021-07-29,롯데백화점_본점,9220
2021-07-30,롯데백화점_본점,10967
2021-07-31,롯데백화점_본점,8466
2021-08-01,롯데백화점_본점,8385
2021-08-02,롯데백화점_본점,9087
2021-08-03,롯데백화점_본점,9291
2021-08-04,롯데백화점_본점,9704
2021-08-05,롯데백화점_본점,9622
2021-08-06,롯데백화점_본점,11244
2021-08-07,롯데백화점_본점,9305
2021-08-08,롯데백화점_본점,8092
2021-08-09,롯데백화점_본점,8956
2021-08-10,롯데백화점_본점,8776
2021-08-11,롯데백화점_본점,9831
2021-08-12,롯데백화점_본점,9675
2021-08-13,롯데백화점_본점,11082
2021-08-14,롯데백화점_본점,9834
2021-08-15,롯데백화점_본점,9643
2021-08-16,롯데백화점_본점,8276
2021-08-17,롯데백화점_본점,8884
2021-08-18,롯데백화점_본점,8798
2021-08-19,롯데백화점_본점,8891
2021-08-20,롯데백화점_본점,10308
2021-08-21,롯데백화점_본점,8743
2021-08-22,롯데백화점_본점,9288
2021-08-23,롯데백화점_본점,1471
2021-08-24,롯데백화점_본점,9173
2021-08-25,롯데백화점_본점,8816
2021-08-26,롯데백화점_본점,9134
2021-08-27,롯데백화점_본점,10075
2021-08-28,롯데백화점_본점,9739
2021-08-29,롯데백화점_본점,8776
2021-08-30,롯데백화점_본점,9024
2021-08-31,롯데백화점_본점,9250
2021-09-01,롯데백화점_본점,9170
2021-09-02,롯데백화점_본점,9253
2021-09-03,롯데백화점_본점,10910
2021-09-04,롯데백화점_본점,9767
2021-09-05,롯데백화점_본점,8605
2021-09-06,롯데백화점_본점,8318
2021-09-07,롯데백화점_본점,8540
2021-09-08,롯데백화점_본점,9274
2021-09-09,롯데백화점_본점,9257
2021-09-10,롯데백화점_본점,10486
2021-09-11,롯데백화점_본점,9204
2021-09-12,롯데백화점_본점,9602
2021-09-13,롯데백화점_본점,9459
2021-09-14,롯데백화점_본점,10581
2021-09-15,롯데백화점_본점,9775
2021-09-16,롯데백화점_본점,10364
2021-09-17,롯데백화점_본점,11027
2021-09-18,롯데백화점_본점,9483
2021-09-19,롯데백화점_본점,8937
2021-09-20,롯데백화점_본점,925
2021-09-21,롯데백화점_본점,460
2021-09-22,롯데백화점_본점,8088
2021-09-23,롯데백화점_본점,8739
2021-09-24,롯데백화점_본점,9163
2021-09-25,롯데백화점_본점,8478
2021-09-26,롯데백화점_본점,7908
2021-09-27,롯데백화점_본점,7789
2021-09-28,롯데백화점_본점,8243
2021-09-29,롯데백화점_본점,8367
2021-09-30,롯데백화점_본점,8895
2021-10-01,롯데백화점_본점,10059
2021-10-02,롯데백화점_본점,9141
2021-10-03,롯데백화점_본점,9040
2021-10-04,롯데백화점_본점,7581
2021-10-05,롯데백화점_본점,8175
2021-10-06,롯데백화점_본점,8402
2021-10-07,롯데백화점_본점,8659
2021-10-08,롯데백화점_본점,10787
2021-10-09,롯데백화점_본점,10889
2021-10-10,롯데백화점_본점,10003
2021-10-11,롯데백화점_본점,9417
2021-10-12,롯데백화점_본점,8744
2021-10-13,롯데백화점_본점,9697
2021-10-14,롯데백화점_본점,9656
2021-10-15,롯데백화점_본점,11279
2021-10-16,롯데백화점_본점,11685
2021-10-17,롯데백화점_본점,10958
2021-10-18,롯데백화점_본점,2232
2021-10-19,롯데백화점_본점,11105
2021-10-20,롯데백화점_본점,9705
2021-10-21,롯데백화점_본점,10686
2021-10-22,롯데백화점_본점,11372
2021-10-23,롯데백화점_본점,10644
2021-10-24,롯데백화점_본점,9906
2021-10-25,롯데백화점_본점,9207
2021-10-26,롯데백화점_본점,10357
2021-10-27,롯데백화점_본점,10790
2021-10-28,롯데백화점_본점,10368
2021-10-29,롯데백화점_본점,12211
2021-10-30,롯데백화점_본점,10930
2021-10-31,롯데백화점_본점,9929
2021-11-01,롯데백화점_본점,9487
2021-11-02,롯데백화점_본점,10110
2021-11-03,롯데백화점_본점,10699
2021-11-04,롯데백화점_본점,10391
2021-11-05,롯데백화점_본점,11683
2021-11-06,롯데백화점_본점,11371
2021-11-07,롯데백화점_본점,10323
2021-11-08,롯데백화점_본점,2362
2021-11-09,롯데백화점_본점,10731
2021-11-10,롯데백화점_본점,11046
2021-11-11,롯데백화점_본점,10784
2021-11-12,롯데백화점_본점,12397
2021-11-13,롯데백화점_본점,11008
2021-11-14,롯데백화점_본점,10445
2021-11-15,롯데백화점_본점,9414
2021-11-16,롯데백화점_본점,10320
2021-11-17,롯데백화점_본점,10948
2021-11-18,롯데백화점_본점,10028
2021-11-19,롯데백화점_본점,11985
2021-11-20,롯데백화점_본점,10522
2021-11-21,롯데백화점_본점,10025
2021-11-22,롯데백화점_본점,10027
2021-11-23,롯데백화점_본점,10243
2021-11-24,롯데백화점_본점,10658
2021-11-25,롯데백화점_본점,10865
2021-11-26,롯데백화점_본점,12636
2021-11-27,롯데백화점_본점,10715
2021-11-28,롯데백화점_본점,10823
2021-11-29,롯데백화점_본점,9375
2021-11-30,롯데백화점_본점,10599
2021-12-01,롯데백화점_본점,11740
2021-12-02,롯데백화점_본점,11083
2021-12-03,롯데백화점_본점,12892
2021-12-04,롯데백화점_본점,11718
2021-12-05,롯데백화점_본점,10085
2021-12-06,롯데백화점_본점,9402
2021-12-07,롯데백화점_본점,10852
2021-12-08,롯데백화점_본점,10321
2021-12-09,롯데백화점_본점,10655
2021-12-10,롯데백화점_본점,11644
2021-12-11,롯데백화점_본점,10342
2021-12-12,롯데백화점_본점,10520
2021-12-13,롯데백화점_본점,9346
2021-12-14,롯데백화점_본점,10285
2021-12-15,롯데백화점_본점,11265
2021-12-16,롯데백화점_본점,10868
2021-12-17,롯데백화점_본점,12138
2021-12-18,롯데백화점_본점,9856
2021-12-19,롯데백화점_본점,10335
2021-12-20,롯데백화점_본점,9868
2021-12-21,롯데백화점_본점,10242
2021-12-22,롯데백화점_본점,11408
2021-12-23,롯데백화점_본점,12143
2021-12-24,롯데백화점_본점,16383
2021-12-25,롯데백화점_본점,13524
2021-12-26,롯데백화점_본점,11092
2021-12-27,롯데백화점_본점,9888
2021-12-28,롯데백화점_본점,11189
2021-12-29,롯데백화점_본점,11835
2021-12-30,롯데백화점_본점,12533
2021-12-31,롯데백화점_본점,14440
2022-01-01,롯데백화점_본점,1687
2022-01-02,롯데백화점_본점,9222
2022-01-03,롯데백화점_본점,7867
2022-01-04,롯데백화점_본점,8063
2022-01-05,롯데백화점_본점,8383
2022-01-06,롯데백화점_본점,7972
2022-01-07,롯데백화점_본점,9827
2022-01-08,롯데백화점_본점,9407
2022-01-09,롯데백화점_본점,8378
2022-01-10,롯데백화점_본점,7230
2022-01-11,롯데백화점_본점,7856
2022-01-12,롯데백화점_본점,7841
2022-01-13,롯데백화점_본점,8740
2022-01-14,롯데백화점_본점,9394
2022-01-15,롯데백화점_본점,8049
2022-01-16,롯데백화점_본점,8359
2022-01-17,롯데백화점_본점,7568
2022-01-18,롯데백화점_본점,7837
2022-01-19,롯데백화점_본점,7760
2022-01-20,롯데백화점_본점,8165
2022-01-21,롯데백화점_본점,9713
2022-01-22,롯데백화점_본점,7830
2022-01-23,롯데백화점_본점,7717
2022-01-24,롯데백화점_본점,7886
2022-01-25,롯데백화점_본점,8333
2022-01-26,롯데백화점_본점,8669
2022-01-27,롯데백화점_본점,9076
2022-01-28,롯데백화점_본점,8926
2022-01-29,롯데백화점_본점,7512
2022-01-30,롯데백화점_본점,7400
2022-01-31,롯데백화점_본점,951
2022-02-01,롯데백화점_본점,579
2022-02-02,롯데백화점_본점,7344
2022-02-03,롯데백화점_본점,7204
2022-02-04,롯데백화점_본점,8915
2022-02-05,롯데백화점_본점,8345
2022-02-06,롯데백화점_본점,8372
2022-02-07,롯데백화점_본점,8081
2022-02-08,롯데백화점_본점,9530
2022-02-09,롯데백화점_본점,9229
2022-02-10,롯데백화점_본점,8996
2022-02-11,롯데백화점_본점,10613
2022-02-12,롯데백화점_본점,9528
2022-02-13,롯데백화점_본점,9931
2022-02-14,롯데백화점_본점,9640
2022-02-15,롯데백화점_본점,9980
2022-02-16,롯데백화점_본점,8362
2022-02-17,롯데백화점_본점,9009
2022-02-18,롯데백화점_본점,10057
2022-02-19,롯데백화점_본점,8632
2022-02-20,롯데백화점_본점,8251
2022-02-21,롯데백화점_본점,8132
2022-02-22,롯데백화점_본점,9391
2022-02-23,롯데백화점_본점,9224
2022-02-24,롯데백화점_본점,9043
2022-02-25,롯데백화점_본점,10400
2022-02-26,롯데백화점_본점,8924
2022-02-27,롯데백화점_본점,9207
2022-02-28,롯데백화점_본점,9724
2022-03-01,롯데백화점_본점,8699
2022-03-02,롯데백화점_본점,7935
2022-03-03,롯데백화점_본점,8406
2022-03-04,롯데백화점_본점,9647
2022-03-05,롯데백화점_본점,8741
2022-03-06,롯데백화점_본점,7753
2022-03-07,롯데백화점_본점,2120
2022-03-08,롯데백화점_본점,9123
2022-03-09,롯데백화점_본점,7608
2022-03-10,롯데백화점_본점,8327
2022-03-11,롯데백화점_본점,9613
2022-03-12,롯데백화점_본점,9141
2022-03-13,롯데백화점_본점,7977
2022-03-14,롯데백화점_본점,8084
2022-03-15,롯데백화점_본점,8373
2022-03-16,롯데백화점_본점,8348
2022-03-17,롯데백화점_본점,8441
2022-03-18,롯데백화점_본점,9702
2022-03-19,롯데백화점_본점,8614
2022-03-20,롯데백화점_본점,8174
2022-03-21,롯데백화점_본점,7900
2022-03-22,롯데백화점_본점,8205
2022-03-23,롯데백화점_본점,8695
2022-03-24,롯데백화점_본점,8984
2022-03-25,롯데백화점_본점,10174
2022-03-26,롯데백화점_본점,8938
2022-03-27,롯데백화점_본점,8985
2022-03-28,롯데백화점_본점,8346
2022-03-29,롯데백화점_본점,8299
2022-03-30,롯데백화점_본점,8398
2022-03-31,롯데백화점_본점,9630
2022-04-01,롯데백화점_본점,10665
2022-04-02,롯데백화점_본점,10044
2022-04-03,롯데백화점_본점,9246
2022-04-04,롯데백화점_본점,8641
2022-04-05,롯데백화점_본점,8882
2022-04-06,롯데백화점_본점,8987
2022-04-07,롯데백화점_본점,9124
2022-04-08,롯데백화점_본점,10680
2022-04-09,롯데백화점_본점,9974
2022-04-10,롯데백화점_본점,9050
2022-04-11,롯데백화점_본점,8492
2022-04-12,롯데백화점_본점,8423
2022-04-13,롯데백화점_본점,8992
2022-04-14,롯데백화점_본점,9935
2022-04-15,롯데백화점_본점,10943
2022-04-16,롯데백화점_본점,10353
2022-04-17,롯데백화점_본점,10153
2022-04-18,롯데백화점_본점,2152
2022-04-19,롯데백화점_본점,9611
2022-04-20,롯데백화점_본점,9743
2022-04-21,롯데백화점_본점,9965
2022-04-22,롯데백화점_본점,10802
2022-04-23,롯데백화점_본점,10280
2022-04-24,롯데백화점_본점,9566
2022-04-25,롯데백화점_본점,8773
2022-04-26,롯데백화점_본점,9619
2022-04-27,롯데백화점_본점,9708
2022-04-28,롯데백화점_본점,9559
2022-04-29,롯데백화점_본점,11098
2022-04-30,롯데백화점_본점,11074
2022-05-01,롯데백화점_본점,9509
2022-05-02,롯데백화점_본점,9182
2022-05-03,롯데백화점_본점,10074
2022-05-04,롯데백화점_본점,10853
2022-05-05,롯데백화점_본점,10759
2022-05-06,롯데백화점_본점,13020
2022-05-07,롯데백화점_본점,10085
2022-05-08,롯데백화점_본점,8931
2022-05-09,롯데백화점_본점,9468
2022-05-10,롯데백화점_본점,9598
2022-05-11,롯데백화점_본점,10411
2022-05-12,롯데백화점_본점,10558
2022-05-13,롯데백화점_본점,11111
2022-05-14,롯데백화점_본점,10569
2022-05-15,롯데백화점_본점,9376
2022-05-16,롯데백화점_본점,9050
2022-05-17,롯데백화점_본점,9570
2022-05-18,롯데백화점_본점,10115
2022-05-19,롯데백화점_본점,9844
2022-05-20,롯데백화점_본점,11603
2022-05-21,롯데백화점_본점,10684
2022-05-22,롯데백화점_본점,9846
2022-05-23,롯데백화점_본점,6169
2022-05-24,롯데백화점_본점,9577
2022-05-25,롯데백화점_본점,9844
2022-05-26,롯데백화점_본점,10084
2022-05-27,롯데백화점_본점,11005
2022-05-28,롯데백화점_본점,10661
2022-05-29,롯데백화점_본점,9203
2022-05-30,롯데백화점_본점,9014
2022-05-31,롯데백화점_본점,10368
2022-06-01,롯데백화점_본점,10236
2022-06-02,롯데백화점_본점,9972
2022-06-03,롯데백화점_본점,11613
2022-06-04,롯데백화점_본점,10896
2022-06-05,롯데백화점_본점,10750
2022-06-06,롯데백화점_본점,9355
2022-06-07,롯데백화점_본점,9295
2022-06-08,롯데백화점_본점,9598
2022-06-09,롯데백화점_본점,10180
2022-06-10,롯데백화점_본점,11000
2022-06-11,롯데백화점_본점,10501
2022-06-12,롯데백화점_본점,9890
2022-06-13,롯데백화점_본점,2652
2022-06-14,롯데백화점_본점,10609
2022-06-15,롯데백화점_본점,10094
2022-06-16,롯데백화점_본점,9821
2022-06-17,롯데백화점_본점,11051
2022-06-18,롯데백화점_본점,9573
2022-06-19,롯데백화점_본점,8770
2022-06-20,롯데백화점_본점,8719
2022-06-21,롯데백화점_본점,9876
2022-06-22,롯데백화점_본점,10532
2022-06-23,롯데백화점_본점,9710
2022-06-24,롯데백화점_본점,11848
2022-06-25,롯데백화점_본점,11372
2022-06-26,롯데백화점_본점,9765
2022-06-27,롯데백화점_본점,9548
2022-06-28,롯데백화점_본점,9654
2022-06-29,롯데백화점_본점,9998
2022-06-30,롯데백화점_본점,9010
2022-07-01,롯데백화점_본점,10770
2022-07-02,롯데백화점_본점,9819
2022-07-03,롯데백화점_본점,8693
2022-07-04,롯데백화점_본점,8644
2022-07-05,롯데백화점_본점,9400
2022-07-06,롯데백화점_본점,8660
2022-07-07,롯데백화점_본점,8724
2022-07-08,롯데백화점_본점,10052
2022-07-09,롯데백화점_본점,8921
2022-07-10,롯데백화점_본점,8630
2022-07-11,롯데백화점_본점,2323
2022-07-12,롯데백화점_본점,8843
2022-07-13,롯데백화점_본점,8307
2022-07-14,롯데백화점_본점,8704
2022-07-15,롯데백화점_본점,9090
2022-07-16,롯데백화점_본점,8028
2022-07-17,롯데백화점_본점,7493
2022-07-18,롯데백화점_본점,7304
2022-07-19,롯데백화점_본점,7855
2022-07-20,롯데백화점_본점,8590
2022-07-21,롯데백화점_본점,8314
2022-07-22,롯데백화점_본점,9179
2022-07-23,롯데백화점_본점,7717
2022-07-24,롯데백화점_본점,7955
2022-07-25,롯데백화점_본점,8112
2022-07-26,롯데백화점_본점,8565
2022-07-27,롯데백화점_본점,9045
2022-07-28,롯데백화점_본점,9158
2022-07-29,롯데백화점_본점,10359
2022-07-30,롯데백화점_본점,8079
2022-07-31,롯데백화점_본점,7456
2022-08-01,롯데백화점_본점,8839
2022-08-02,롯데백화점_본점,8934
2022-08-03,롯데백화점_본점,9312
2022-08-04,롯데백화점_본점,8902
2022-08-05,롯데백화점_본점,10123
2022-08-06,롯데백화점_본점,8367
2022-08-07,롯데백화점_본점,8559
2022-08-08,롯데백화점_본점,9273
2022-08-09,롯데백화점_본점,8904
2022-08-10,롯데백화점_본점,9391
2022-08-11,롯데백화점_본점,9540
2022-08-12,롯데백화점_본점,10911
2022-08-13,롯데백화점_본점,8230
2022-08-14,롯데백화점_본점,10141
2022-08-15,롯데백화점_본점,8762
2022-08-16,롯데백화점_본점,9669
2022-08-17,롯데백화점_본점,9398
2022-08-18,롯데백화점_본점,9461
2022-08-19,롯데백화점_본점,10744
2022-08-20,롯데백화점_본점,10046
2022-08-21,롯데백화점_본점,8485
2022-08-22,롯데백화점_본점,2392
2022-08-23,롯데백화점_본점,10566
2022-08-24,롯데백화점_본점,9700
2022-08-25,롯데백화점_본점,10047
2022-08-26,롯데백화점_본점,11419
2022-08-27,롯데백화점_본점,10083
2022-08-28,롯데백화점_본점,9877
2022-08-29,롯데백화점_본점,9927
2022-08-30,롯데백화점_본점,10501
2022-08-31,롯데백화점_본점,11623
2022-09-01,롯데백화점_본점,11450
2022-09-02,롯데백화점_본점,11364
2022-09-03,롯데백화점_본점,10172
2022-09-04,롯데백화점_본점,8709
2022-09-05,롯데백화점_본점,9121
2022-09-06,롯데백화점_본점,9603
2022-09-07,롯데백화점_본점,10793
2022-09-08,롯데백화점_본점,11799
2022-09-09,롯데백화점_본점,1680
2022-09-10,롯데백화점_본점,916
2022-09-11,롯데백화점_본점,10676
2022-09-12,롯데백화점_본점,9108
2022-09-13,롯데백화점_본점,8540
2022-09-14,롯데백화점_본점,9318
2022-09-15,롯데백화점_본점,9408
2022-09-16,롯데백화점_본점,9819
2022-09-17,롯데백화점_본점,9845
2022-09-18,롯데백화점_본점,9057
2022-09-19,롯데백화점_본점,8741
2022-09-20,롯데백화점_본점,9035
2022-09-21,롯데백화점_본점,9363
2022-09-22,롯데백화점_본점,9314
2022-09-23,롯데백화점_본점,10760
2022-09-24,롯데백화점_본점,10103
2022-09-25,롯데백화점_본점,8725
2022-09-26,롯데백화점_본점,8642
2022-09-27,롯데백화점_본점,8813
2022-09-28,롯데백화점_본점,9849
2022-09-29,롯데백화점_본점,10318
2022-09-30,롯데백화점_본점,10344
2022-10-01,롯데백화점_본점,9331
2022-10-02,롯데백화점_본점,9416
2022-10-03,롯데백화점_본점,7617
2022-10-04,롯데백화점_본점,8264
2022-10-05,롯데백화점_본점,8848
2022-10-06,롯데백화점_본점,9278
2022-10-07,롯데백화점_본점,10205
2022-10-08,롯데백화점_본점,9396
2022-10-09,롯데백화점_본점,9131
2022-10-10,롯데백화점_본점,8655
2022-10-11,롯데백화점_본점,8184
2022-10-12,롯데백화점_본점,9095
2022-10-13,롯데백화점_본점,9522
2022-10-14,롯데백화점_본점,10512
2022-10-15,롯데백화점_본점,8854
2022-10-16,롯데백화점_본점,7904
2022-10-17,롯데백화점_본점,2447
2022-10-18,롯데백화점_본점,9481
2022-10-19,롯데백화점_본점,8879
2022-10-20,롯데백화점_본점,9067
2022-10-21,롯데백화점_본점,9926
2022-10-22,롯데백화점_본점,8546
2022-10-23,롯데백화점_본점,8991
2022-10-24,롯데백화점_본점,8964
2022-10-25,롯데백화점_본점,8858
2022-10-26,롯데백화점_본점,9504
2022-10-27,롯데백화점_본점,9406
2022-10-28,롯데백화점_본점,10115
2022-10-29,롯데백화점_본점,8761
2022-10-30,롯데백화점_본점,8239
2022-10-31,롯데백화점_본점,8691
2022-11-01,롯데백화점_본점,8625
2022-11-02,롯데백화점_본점,8921
2022-11-03,롯데백화점_본점,9499
2022-11-04,롯데백화점_본점,10308
2022-11-05,롯데백화점_본점,10212
2022-11-06,롯데백화점_본점,9314
2022-11-07,롯데백화점_본점,2764
2022-11-08,롯데백화점_본점,9673
2022-11-09,롯데백화점_본점,9043
2022-11-10,롯데백화점_본점,9643
2022-11-11,롯데백화점_본점,11215
2022-11-12,롯데백화점_본점,8713
2022-11-13,롯데백화점_본점,8880
2022-11-14,롯데백화점_본점,8704
2022-11-15,롯데백화점_본점,9136
2022-11-16,롯데백화점_본점,9581
2022-11-17,롯데백화점_본점,8499
2022-11-18,롯데백화점_본점,9722
2022-11-19,롯데백화점_본점,9470
2022-11-20,롯데백화점_본점,8961
2022-11-21,롯데백화점_본점,7805
2022-11-22,롯데백화점_본점,8430
2022-11-23,롯데백화점_본점,8716
2022-11-24,롯데백화점_본점,8379
2022-11-25,롯데백화점_본점,11291
2022-11-26,롯데백화점_본점,11911
2022-11-27,롯데백화점_본점,10245
2022-11-28,롯데백화점_본점,8565
2022-11-29,롯데백화점_본점,9373
2022-11-30,롯데백화점_본점,10549
2022-12-01,롯데백화점_본점,10512
2022-12-02,롯데백화점_본점,11248
2022-12-03,롯데백화점_본점,11016
2022-12-04,롯데백화점_본점,9517
2022-12-05,롯데백화점_본점,9261
2022-12-06,롯데백화점_본점,9213
2022-12-07,롯데백화점_본점,9728
2022-12-08,롯데백화점_본점,10012
2022-12-09,롯데백화점_본점,11766
2022-12-10,롯데백화점_본점,12917
2022-12-11,롯데백화점_본점,11644
2022-12-12,롯데백화점_본점,8804
2022-12-13,롯데백화점_본점,10543
2022-12-14,롯데백화점_본점,9992
2022-12-15,롯데백화점_본점,10233
2022-12-16,롯데백화점_본점,12348
2022-12-17,롯데백화점_본점,12582
2022-12-18,롯데백화점_본점,9959
2022-12-19,롯데백화점_본점,10038
2022-12-20,롯데백화점_본점,10863
2022-12-21,롯데백화점_본점,11481
2022-12-22,롯데백화점_본점,12679
2022-12-23,롯데백화점_본점,14468
2022-12-24,롯데백화점_본점,15931
2022-12-25,롯데백화점_본점,14489
2022-12-26,롯데백화점_본점,10658
2022-12-27,롯데백화점_본점,11394
2022-12-28,롯데백화점_본점,11593
2022-12-29,롯데백화점_본점,12154
2022-12-30,롯데백화점_본점,13467
2022-12-31,롯데백화점_본점,10997
2023-01-01,롯데백화점_본점,1681
2023-01-02,롯데백화점_본점,9945
2023-01-03,롯데백화점_본점,10022
2023-01-04,롯데백화점_본점,10117
2023-01-05,롯데백화점_본점,10054
2023-01-06,롯데백화점_본점,10554
2023-01-07,롯데백화점_본점,10475
2023-01-08,롯데백화점_본점,9895
2023-01-09,롯데백화점_본점,9131
2023-01-10,롯데백화점_본점,10237
2023-01-11,롯데백화점_본점,10420
2023-01-12,롯데백화점_본점,10566
2023-01-13,롯데백화점_본점,10493
2023-01-14,롯데백화점_본점,9541
2023-01-15,롯데백화점_본점,9329
2023-01-16,롯데백화점_본점,9876
2023-01-17,롯데백화점_본점,10246
2023-01-18,롯데백화점_본점,10923
2023-01-19,롯데백화점_본점,10718
2023-01-20,롯데백화점_본점,12773
2023-01-21,롯데백화점_본점,2432
2023-01-22,롯데백화점_본점,1024
2023-01-23,롯데백화점_본점,11654
2023-01-24,롯데백화점_본점,8896
2023-01-25,롯데백화점_본점,9308
2023-01-26,롯데백화점_본점,10676
2023-01-27,롯데백화점_본점,11734
2023-01-28,롯데백화점_본점,10665
2023-01-29,롯데백화점_본점,9390
2023-01-30,롯데백화점_본점,10180
2023-01-31,롯데백화점_본점,11339
2023-02-01,롯데백화점_본점,11014
2023-02-02,롯데백화점_본점,11449
2023-02-03,롯데백화점_본점,12201
2023-02-04,롯데백화점_본점,12416
2023-02-05,롯데백화점_본점,10064
2023-02-06,롯데백화점_본점,10629
2023-02-07,롯데백화점_본점,10873
2023-02-08,롯데백화점_본점,11639
2023-02-09,롯데백화점_본점,11214
2023-02-10,롯데백화점_본점,12393
2023-02-11,롯데백화점_본점,12386
2023-02-12,롯데백화점_본점,10534
2023-02-13,롯데백화점_본점,11041
2023-02-14,롯데백화점_본점,11886
2023-02-15,롯데백화점_본점,11241
2023-02-16,롯데백화점_본점,11676
2023-02-17,롯데백화점_본점,11961
2023-02-18,롯데백화점_본점,10129
2023-02-19,롯데백화점_본점,10640
2023-02-20,롯데백화점_본점,10042
2023-02-21,롯데백화점_본점,10280
2023-02-22,롯데백화점_본점,11069
2023-02-23,롯데백화점_본점,11006
2023-02-24,롯데백화점_본점,12226
2023-02-25,롯데백화점_본점,10993
2023-02-26,롯데백화점_본점,10975
2023-02-27,롯데백화점_본점,9665
2023-02-28,롯데백화점_본점,12668
2023-03-01,롯데백화점_본점,10621
2023-03-02,롯데백화점_본점,10209
2023-03-03,롯데백화점_본점,12111
2023-03-04,롯데백화점_본점,11637
2023-03-05,롯데백화점_본점,10542
2023-03-06,롯데백화점_본점,4552
2023-03-07,롯데백화점_본점,11732
2023-03-08,롯데백화점_본점,10778
2023-03-09,롯데백화점_본점,11870
2023-03-10,롯데백화점_본점,13138
2023-03-11,롯데백화점_본점,10992
2023-03-12,롯데백화점_본점,9518
2023-03-13,롯데백화점_본점,10856
2023-03-14,롯데백화점_본점,12311
2023-03-15,롯데백화점_본점,11421
2023-03-16,롯데백화점_본점,12726
2023-03-17,롯데백화점_본점,12994
2023-03-18,롯데백화점_본점,11945
2023-03-19,롯데백화점_본점,10299
2023-03-20,롯데백화점_본점,10925
2023-03-21,롯데백화점_본점,11152
2023-03-22,롯데백화점_본점,11375
2023-03-23,롯데백화점_본점,11168
2023-03-24,롯데백화점_본점,12438
2023-03-25,롯데백화점_본점,11762
2023-03-26,롯데백화점_본점,10687
2023-03-27,롯데백화점_본점,10396
2023-03-28,롯데백화점_본점,10581
2023-03-29,롯데백화점_본점,10658
2023-03-30,롯데백화점_본점,11972
2023-03-31,롯데백화점_본점,13108
2023-04-01,롯데백화점_본점,11237
2023-04-02,롯데백화점_본점,9678
2023-04-03,롯데백화점_본점,10337
2023-04-04,롯데백화점_본점,11263
2023-04-05,롯데백화점_본점,11250
2023-04-06,롯데백화점_본점,10852
2023-04-07,롯데백화점_본점,13105
2023-04-08,롯데백화점_본점,12231
2023-04-09,롯데백화점_본점,11179
2023-04-10,롯데백화점_본점,10658
2023-04-11,롯데백화점_본점,10718
2023-04-12,롯데백화점_본점,11460
2023-04-13,롯데백화점_본점,12671
2023-04-14,롯데백화점_본점,12773
2023-04-15,롯데백화점_본점,12127
2023-04-16,롯데백화점_본점,10829
2023-04-17,롯데백화점_본점,4715
2023-04-18,롯데백화점_본점,11868
2023-04-19,롯데백화점_본점,11567
2023-04-20,롯데백화점_본점,11193
2023-04-21,롯데백화점_본점,13046
2023-04-22,롯데백화점_본점,11275
2023-04-23,롯데백화점_본점,10238
2023-04-24,롯데백화점_본점,11210
2023-04-25,롯데백화점_본점,11781
2023-04-26,롯데백화점_본점,12433
2023-04-27,롯데백화점_본점,11969
2023-04-28,롯데백화점_본점,13342
2023-04-29,롯데백화점_본점,10530
2023-04-30,롯데백화점_본점,11293
2023-05-01,롯데백화점_본점,11829
2023-05-02,롯데백화점_본점,10552
2023-05-03,롯데백화점_본점,10778
2023-05-04,롯데백화점_본점,11843
2023-05-05,롯데백화점_본점,9690
2023-05-06,롯데백화점_본점,9567
2023-05-07,롯데백화점_본점,10352
2023-05-08,롯데백화점_본점,10125
2023-05-09,롯데백화점_본점,11325
2023-05-10,롯데백화점_본점,11221
2023-05-11,롯데백화점_본점,11307
2023-05-12,롯데백화점_본점,12928
2023-05-13,롯데백화점_본점,10923
2023-05-14,롯데백화점_본점,10675
2023-05-15,롯데백화점_본점,10767
2023-05-16,롯데백화점_본점,11716
2023-05-17,롯데백화점_본점,11227
2023-05-18,롯데백화점_본점,10913
2023-05-19,롯데백화점_본점,12296
2023-05-20,롯데백화점_본점,11034
2023-05-21,롯데백화점_본점,9443
2023-05-22,롯데백화점_본점,6190
2023-05-23,롯데백화점_본점,11594
2023-05-24,롯데백화점_본점,10732
2023-05-25,롯데백화점_본점,11353
2023-05-26,롯데백화점_본점,12325
2023-05-27,롯데백화점_본점,9721
2023-05-28,롯데백화점_본점,9118
2023-05-29,롯데백화점_본점,10040
2023-05-30,롯데백화점_본점,10330
2023-05-31,롯데백화점_본점,10986
2023-06-01,롯데백화점_본점,10879
2023-06-02,롯데백화점_본점,12827
2023-06-03,롯데백화점_본점,11806
2023-06-04,롯데백화점_본점,10921
2023-06-05,롯데백화점_본점,12115
2023-06-06,롯데백화점_본점,10038
2023-06-07,롯데백화점_본점,10827
2023-06-08,롯데백화점_본점,11478
2023-06-09,롯데백화점_본점,12472
2023-06-10,롯데백화점_본점,10693
2023-06-11,롯데백화점_본점,9819
2023-06-12,롯데백화점_본점,3861
2023-06-13,롯데백화점_본점,11368
2023-06-14,롯데백화점_본점,10991
2023-06-15,롯데백화점_본점,11557
2023-06-16,롯데백화점_본점,12641
2023-06-17,롯데백화점_본점,10167
2023-06-18,롯데백화점_본점,10020
2023-06-19,롯데백화점_본점,10892
2023-06-20,롯데백화점_본점,11387
2023-06-21,롯데백화점_본점,10634
2023-06-22,롯데백화점_본점,11348
2023-06-23,롯데백화점_본점,12753
2023-06-24,롯데백화점_본점,10736
2023-06-25,롯데백화점_본점,9793
2023-06-26,롯데백화점_본점,9832
2023-06-27,롯데백화점_본점,11202
2023-06-28,롯데백화점_본점,12119
2023-06-29,롯데백화점_본점,11071
2023-06-30,롯데백화점_본점,12074
2023-07-01,롯데백화점_본점,10911
2023-07-02,롯데백화점_본점,9876
2023-07-03,롯데백화점_본점,11387
2023-07-04,롯데백화점_본점,11093
2023-07-05,롯데백화점_본점,12465
2023-07-06,롯데백화점_본점,12847
2023-07-07,롯데백화점_본점,14118
2023-07-08,롯데백화점_본점,12224
2023-07-09,롯데백화점_본점,9242
2023-07-10,롯데백화점_본점,4674
2023-07-11,롯데백화점_본점,11523
2023-07-12,롯데백화점_본점,12821
2023-07-13,롯데백화점_본점,11562
2023-07-14,롯데백화점_본점,12000
2023-07-15,롯데백화점_본점,9569
2023-07-16,롯데백화점_본점,9712
2023-07-17,롯데백화점_본점,10885
2023-07-18,롯데백화점_본점,10518
2023-07-19,롯데백화점_본점,11478
2023-07-20,롯데백화점_본점,11138
2023-07-21,롯데백화점_본점,12643
2023-07-22,롯데백화점_본점,9710
2023-07-23,롯데백화점_본점,8507
2023-07-24,롯데백화점_본점,10915
2023-07-25,롯데백화점_본점,11071
2023-07-26,롯데백화점_본점,11520
2023-07-27,롯데백화점_본점,11221
2023-07-28,롯데백화점_본점,12237
2023-07-29,롯데백화점_본점,9503
2023-07-30,롯데백화점_본점,9962
2023-07-31,롯데백화점_본점,11698
2023-08-01,롯데백화점_본점,12329
2023-08-02,롯데백화점_본점,12155
2023-08-03,롯데백화점_본점,11885
2023-08-04,롯데백화점_본점,13014
2023-08-05,롯데백화점_본점,10559
2023-08-06,롯데백화점_본점,8694
2023-08-07,롯데백화점_본점,10777
2023-08-08,롯데백화점_본점,11028
2023-08-09,롯데백화점_본점,10282
2023-08-10,롯데백화점_본점,9647
2023-08-11,롯데백화점_본점,11989
2023-08-12,롯데백화점_본점,10078
2023-08-13,롯데백화점_본점,10341
2023-08-14,롯데백화점_본점,11566
2023-08-15,롯데백화점_본점,9516
2023-08-16,롯데백화점_본점,10403
2023-08-17,롯데백화점_본점,11145
2023-08-18,롯데백화점_본점,12440
2023-08-19,롯데백화점_본점,9648
2023-08-20,롯데백화점_본점,8522
2023-08-21,롯데백화점_본점,3765
2023-08-22,롯데백화점_본점,10763
2023-08-23,롯데백화점_본점,10549
2023-08-24,롯데백화점_본점,10581
2023-08-25,롯데백화점_본점,12097
2023-08-26,롯데백화점_본점,9893
2023-08-27,롯데백화점_본점,9757
2023-08-28,롯데백화점_본점,9953
2023-08-29,롯데백화점_본점,9817
2023-08-30,롯데백화점_본점,10343
2023-08-31,롯데백화점_본점,11073
2023-09-01,롯데백화점_본점,12124
2023-09-02,롯데백화점_본점,9922
2023-09-03,롯데백화점_본점,9517
2023-09-04,롯데백화점_본점,9711
2023-09-05,롯데백화점_본점,10443
2023-09-06,롯데백화점_본점,10630
2023-09-07,롯데백화점_본점,10709
2023-09-08,롯데백화점_본점,11895
2023-09-09,롯데백화점_본점,10642
2023-09-10,롯데백화점_본점,9644
2023-09-11,롯데백화점_본점,10712
2023-09-12,롯데백화점_본점,9950
2023-09-13,롯데백화점_본점,10222
2023-09-14,롯데백화점_본점,11300
2023-09-15,롯데백화점_본점,12130
2023-09-16,롯데백화점_본점,9763
2023-09-17,롯데백화점_본점,9669
2023-09-18,롯데백화점_본점,10343
2023-09-19,롯데백화점_본점,10816
2023-09-20,롯데백화점_본점,11108
2023-09-21,롯데백화점_본점,10691
2023-09-22,롯데백화점_본점,12016
2023-09-23,롯데백화점_본점,10306
2023-09-24,롯데백화점_본점,10276
2023-09-25,롯데백화점_본점,10401
2023-09-26,롯데백화점_본점,11780
2023-09-27,롯데백화점_본점,12386
2023-09-28,롯데백화점_본점,2271
2023-09-29,롯데백화점_본점,1903
2023-09-30,롯데백화점_본점,10541
2023-10-01,롯데백화점_본점,11216
2023-10-02,롯데백화점_본점,10675
2023-10-03,롯데백화점_본점,9883
2023-10-04,롯데백화점_본점,8662
2023-10-05,롯데백화점_본점,10006
2023-10-06,롯데백화점_본점,10661
2023-10-07,롯데백화점_본점,9429
2023-10-08,롯데백화점_본점,10090
2023-10-09,롯데백화점_본점,8623
2023-10-10,롯데백화점_본점,9278
2023-10-11,롯데백화점_본점,9636
2023-10-12,롯데백화점_본점,10434
2023-10-13,롯데백화점_본점,11087
2023-10-14,롯데백화점_본점,9516
2023-10-15,롯데백화점_본점,10383
2023-10-16,롯데백화점_본점,3215
2023-10-17,롯데백화점_본점,10457
2023-10-18,롯데백화점_본점,10616
2023-10-19,롯데백화점_본점,10122
2023-10-20,롯데백화점_본점,11594
2023-10-21,롯데백화점_본점,9561
2023-10-22,롯데백화점_본점,10150
2023-10-23,롯데백화점_본점,9800
2023-10-24,롯데백화점_본점,10006
2023-10-25,롯데백화점_본점,9711
2023-10-26,롯데백화점_본점,10622
2023-10-27,롯데백화점_본점,11109
2023-10-28,롯데백화점_본점,10125
2023-10-29,롯데백화점_본점,9748
2023-10-30,롯데백화점_본점,9706
2023-10-31,롯데백화점_본점,10959
2023-11-01,롯데백화점_본점,10929
2023-11-02,롯데백화점_본점,10490
2023-11-03,롯데백화점_본점,11253
2023-11-04,롯데백화점_본점,10657
2023-11-05,롯데백화점_본점,8792
2023-11-06,롯데백화점_본점,6171
2023-11-07,롯데백화점_본점,11464
2023-11-08,롯데백화점_본점,11556
2023-11-09,롯데백화점_본점,11582
2023-11-10,롯데백화점_본점,14042
2023-11-11,롯데백화점_본점,11137
2023-11-12,롯데백화점_본점,11037
2023-11-13,롯데백화점_본점,10685
2023-11-14,롯데백화점_본점,12173
2023-11-15,롯데백화점_본점,11179
2023-11-16,롯데백화점_본점,11220
2023-11-17,롯데백화점_본점,12907
2023-11-18,롯데백화점_본점,12006
2023-11-19,롯데백화점_본점,11747
2023-11-20,롯데백화점_본점,9806
2023-11-21,롯데백화점_본점,11240
2023-11-22,롯데백화점_본점,11814
2023-11-23,롯데백화점_본점,12301
2023-11-24,롯데백화점_본점,14578
2023-11-25,롯데백화점_본점,13391
2023-11-26,롯데백화점_본점,12705
2023-11-27,롯데백화점_본점,10968
2023-11-28,롯데백화점_본점,11890
2023-11-29,롯데백화점_본점,12839
2023-11-30,롯데백화점_본점,13630
2023-12-01,롯데백화점_본점,14079
2023-12-02,롯데백화점_본점,13544
2023-12-03,롯데백화점_본점,11850
2023-12-04,롯데백화점_본점,11208
2023-12-05,롯데백화점_본점,12291
2023-12-06,롯데백화점_본점,11456
2023-12-07,롯데백화점_본점,12946
2023-12-08,롯데백화점_본점,14019
2023-12-09,롯데백화점_본점,14362
2023-12-10,롯데백화점_본점,12455
2023-12-11,롯데백화점_본점,10481
2023-12-12,롯데백화점_본점,11894
2023-12-13,롯데백화점_본점,12452
2023-12-14,롯데백화점_본점,12494
2023-12-15,롯데백화점_본점,13652
2023-12-16,롯데백화점_본점,13153
2023-12-17,롯데백화점_본점,10679
2023-12-18,롯데백화점_본점,11066
2023-12-19,롯데백화점_본점,12881
2023-12-20,롯데백화점_본점,12860
2023-12-21,롯데백화점_본점,12910
2023-12-22,롯데백화점_본점,15329
2023-12-23,롯데백화점_본점,15220
2023-12-24,롯데백화점_본점,21593
2023-12-25,롯데백화점_본점,15765
2023-12-26,롯데백화점_본점,11856
2023-12-27,롯데백화점_본점,12844
2023-12-28,롯데백화점_본점,12133
2023-12-29,롯데백화점_본점,13087
2023-12-30,롯데백화점_본점,8876
2023-12-31,롯데백화점_본점,11767
2024-01-01,롯데백화점_본점,2456
2024-01-02,롯데백화점_본점,10593
2024-01-03,롯데백화점_본점,10926
2024-01-04,롯데백화점_본점,11215
2024-01-05,롯데백화점_본점,11687
2024-01-06,롯데백화점_본점,10780
2024-01-07,롯데백화점_본점,9783
2024-01-08,롯데백화점_본점,10067
2024-01-09,롯데백화점_본점,10162
2024-01-10,롯데백화점_본점,10372
2024-01-11,롯데백화점_본점,10207
2024-01-12,롯데백화점_본점,11562
2024-01-13,롯데백화점_본점,10787
2024-01-14,롯데백화점_본점,9398
2024-01-15,롯데백화점_본점,10498
2024-01-16,롯데백화점_본점,10767
2024-01-17,롯데백화점_본점,10927
2024-01-18,롯데백화점_본점,10719
2024-01-19,롯데백화점_본점,11989
2024-01-20,롯데백화점_본점,9750
2024-01-21,롯데백화점_본점,9610
2024-01-22,롯데백화점_본점,9734
2024-01-23,롯데백화점_본점,10349
2024-01-24,롯데백화점_본점,10332
2024-01-25,롯데백화점_본점,10712
2024-01-26,롯데백화점_본점,12180
2024-01-27,롯데백화점_본점,10001
2024-01-28,롯데백화점_본점,9395
2024-01-29,롯데백화점_본점,10487
2024-01-30,롯데백화점_본점,10732
2024-01-31,롯데백화점_본점,10528
2024-02-01,롯데백화점_본점,11312
2024-02-02,롯데백화점_본점,12448
2024-02-03,롯데백화점_본점,9867
2024-02-04,롯데백화점_본점,9555
2024-02-05,롯데백화점_본점,10983
2024-02-06,롯데백화점_본점,11585
2024-02-07,롯데백화점_본점,12214
2024-02-08,롯데백화점_본점,12704
2024-02-09,롯데백화점_본점,2066
2024-02-10,롯데백화점_본점,1654
2024-02-11,롯데백화점_본점,11751
2024-02-12,롯데백화점_본점,9361
2024-02-13,롯데백화점_본점,10400
2024-02-14,롯데백화점_본점,11119
2024-02-15,롯데백화점_본점,10453
2024-02-16,롯데백화점_본점,12323
2024-02-17,롯데백화점_본점,11610
2024-02-18,롯데백화점_본점,9662
2024-02-19,롯데백화점_본점,10217
2024-02-20,롯데백화점_본점,10863
2024-02-21,롯데백화점_본점,11046
2024-02-22,롯데백화점_본점,11053
2024-02-23,롯데백화점_본점,12790
2024-02-24,롯데백화점_본점,10315
2024-02-25,롯데백화점_본점,10001
2024-02-26,롯데백화점_본점,10131
2024-02-27,롯데백화점_본점,10883
2024-02-28,롯데백화점_본점,11322
2024-02-29,롯데백화점_본점,11840
2024-03-01,롯데백화점_본점,10903
2024-03-02,롯데백화점_본점,9806
2024-03-03,롯데백화점_본점,8820
2024-03-04,롯데백화점_본점,3278
2024-03-05,롯데백화점_본점,10253
2024-03-06,롯데백화점_본점,9865
2024-03-07,롯데백화점_본점,10445
2024-03-08,롯데백화점_본점,11168
2024-03-09,롯데백화점_본점,10021
2024-03-10,롯데백화점_본점,9241
2024-03-11,롯데백화점_본점,9347
2024-03-12,롯데백화점_본점,9484
2024-03-13,롯데백화점_본점,10678
2024-03-14,롯데백화점_본점,11085
2024-03-15,롯데백화점_본점,10798
2024-03-16,롯데백화점_본점,9339
2024-03-17,롯데백화점_본점,9423
2024-03-18,롯데백화점_본점,9883
2024-03-19,롯데백화점_본점,9643
2024-03-20,롯데백화점_본점,9867
2024-03-21,롯데백화점_본점,10309
2024-03-22,롯데백화점_본점,10886
2024-03-23,롯데백화점_본점,9656
2024-03-24,롯데백화점_본점,9339
2024-03-25,롯데백화점_본점,9021
2024-03-26,롯데백화점_본점,10570
2024-03-27,롯데백화점_본점,10358
2024-03-28,롯데백화점_본점,10586
2024-03-29,롯데백화점_본점,11861
2024-03-30,롯데백화점_본점,10352
2024-03-31,롯데백화점_본점,9023
2024-04-01,롯데백화점_본점,9694
2024-04-02,롯데백화점_본점,10027
2024-04-03,롯데백화점_본점,9639
2024-04-04,롯데백화점_본점,10493
2024-04-05,롯데백화점_본점,10453
2024-04-06,롯데백화점_본점,9435
2024-04-07,롯데백화점_본점,8531
2024-04-08,롯데백화점_본점,9690
2024-04-09,롯데백화점_본점,10515
2024-04-10,롯데백화점_본점,10196
2024-04-11,롯데백화점_본점,9708
2024-04-12,롯데백화점_본점,11967
2024-04-13,롯데백화점_본점,9751
2024-04-14,롯데백화점_본점,9488
2024-04-15,롯데백화점_본점,3799
2024-04-16,롯데백화점_본점,11580
2024-04-17,롯데백화점_본점,11032
2024-04-18,롯데백화점_본점,10905
2024-04-19,롯데백화점_본점,11270
2024-04-20,롯데백화점_본점,9048
2024-04-21,롯데백화점_본점,8474
2024-04-22,롯데백화점_본점,9885
2024-04-23,롯데백화점_본점,10312
2024-04-24,롯데백화점_본점,10497
2024-04-25,롯데백화점_본점,10824
2024-04-26,롯데백화점_본점,10646
2024-04-27,롯데백화점_본점,10509
2024-04-28,롯데백화점_본점,9844
2024-04-29,롯데백화점_본점,9681
2024-04-30,롯데백화점_본점,11866
2024-05-01,롯데백화점_본점,11994
2024-05-02,롯데백화점_본점,10957
2024-05-03,롯데백화점_본점,11857
2024-05-04,롯데백화점_본점,10027
2024-05-05,롯데백화점_본점,8818
2024-05-06,롯데백화점_본점,8159
2024-05-07,롯데백화점_본점,10490
2024-05-08,롯데백화점_본점,10002
2024-05-09,롯데백화점_본점,10323
2024-05-10,롯데백화점_본점,11472
2024-05-11,롯데백화점_본점,8679
2024-05-12,롯데백화점_본점,9948
2024-05-13,롯데백화점_본점,9709
2024-05-14,롯데백화점_본점,11703
2024-05-15,롯데백화점_본점,8820
2024-05-16,롯데백화점_본점,9448
2024-05-17,롯데백화점_본점,11042
2024-05-18,롯데백화점_본점,10518
2024-05-19,롯데백화점_본점,9007
2024-05-20,롯데백화점_본점,5319
2024-05-21,롯데백화점_본점,10090
2024-05-22,롯데백화점_본점,9401
2024-05-23,롯데백화점_본점,10478
2024-05-24,롯데백화점_본점,11009
2024-05-25,롯데백화점_본점,10030
2024-05-26,롯데백화점_본점,8498
2024-05-27,롯데백화점_본점,9808
2024-05-28,롯데백화점_본점,10156
2024-05-29,롯데백화점_본점,10506
2024-05-30,롯데백화점_본점,10364
2024-05-31,롯데백화점_본점,11843
2024-06-01,롯데백화점_본점,11014
2024-06-02,롯데백화점_본점,8765
2024-06-03,롯데백화점_본점,9598
2024-06-04,롯데백화점_본점,10837
2024-06-05,롯데백화점_본점,11138
2024-06-06,롯데백화점_본점,10333
2024-06-07,롯데백화점_본점,11282
2024-06-08,롯데백화점_본점,8330
2024-06-09,롯데백화점_본점,8864
2024-06-10,롯데백화점_본점,3299
2024-06-11,롯데백화점_본점,10599
2024-06-12,롯데백화점_본점,10698
2024-06-13,롯데백화점_본점,11709
2024-06-14,롯데백화점_본점,12325
2024-06-15,롯데백화점_본점,10292
2024-06-16,롯데백화점_본점,9664
2024-06-17,롯데백화점_본점,10586
2024-06-18,롯데백화점_본점,10885
2024-06-19,롯데백화점_본점,11311
2024-06-20,롯데백화점_본점,11526
2024-06-21,롯데백화점_본점,12645
2024-06-22,롯데백화점_본점,8636
2024-06-23,롯데백화점_본점,9843
2024-06-24,롯데백화점_본점,10398
2024-06-25,롯데백화점_본점,10571
2024-06-26,롯데백화점_본점,10952
2024-06-27,롯데백화점_본점,10843
2024-06-28,롯데백화점_본점,11724
2024-06-29,롯데백화점_본점,10039
2024-06-30,롯데백화점_본점,8805
2024-07-01,롯데백화점_본점,11561
2024-07-02,롯데백화점_본점,11038
2024-07-03,롯데백화점_본점,10696
2024-07-04,롯데백화점_본점,11641
2024-07-05,롯데백화점_본점,12134
2024-07-06,롯데백화점_본점,10217
2024-07-07,롯데백화점_본점,10130
2024-07-08,롯데백화점_본점,3296
2024-07-09,롯데백화점_본점,11990
2024-07-10,롯데백화점_본점,11988
2024-07-11,롯데백화점_본점,11657
2024-07-12,롯데백화점_본점,12982
2024-07-13,롯데백화점_본점,10228
2024-07-14,롯데백화점_본점,10055
2024-07-15,롯데백화점_본점,10623
2024-07-16,롯데백화점_본점,11116
2024-07-17,롯데백화점_본점,10042
2024-07-18,롯데백화점_본점,10560
2024-07-19,롯데백화점_본점,12340
2024-07-20,롯데백화점_본점,9674
2024-07-21,롯데백화점_본점,8787
2024-07-22,롯데백화점_본점,9520
2024-07-23,롯데백화점_본점,10647
2024-07-24,롯데백화점_본점,10126
2024-07-25,롯데백화점_본점,10724
2024-07-26,롯데백화점_본점,11878
2024-07-27,롯데백화점_본점,8711
2024-07-28,롯데백화점_본점,9529
2024-07-29,롯데백화점_본점,9879
2024-07-30,롯데백화점_본점,10953
2024-07-31,롯데백화점_본점,12343
2024-08-01,롯데백화점_본점,12192
2024-08-02,롯데백화점_본점,12786
2024-08-03,롯데백화점_본점,9934
2024-08-04,롯데백화점_본점,9346
2024-08-05,롯데백화점_본점,10945
2024-08-06,롯데백화점_본점,10826
2024-08-07,롯데백화점_본점,10955
2024-08-08,롯데백화점_본점,11162
2024-08-09,롯데백화점_본점,11796
2024-08-10,롯데백화점_본점,9356
2024-08-11,롯데백화점_본점,9061
2024-08-12,롯데백화점_본점,10593
2024-08-13,롯데백화점_본점,10932
2024-08-14,롯데백화점_본점,11880
2024-08-15,롯데백화점_본점,8671
2024-08-16,롯데백화점_본점,11434
2024-08-17,롯데백화점_본점,9232
2024-08-18,롯데백화점_본점,8550
2024-08-19,롯데백화점_본점,3280
2024-08-20,롯데백화점_본점,10652
2024-08-21,롯데백화점_본점,9310
2024-08-22,롯데백화점_본점,10897
2024-08-23,롯데백화점_본점,11833
2024-08-24,롯데백화점_본점,9683
2024-08-25,롯데백화점_본점,8968
2024-08-26,롯데백화점_본점,10296
2024-08-27,롯데백화점_본점,10495
2024-08-28,롯데백화점_본점,11255
2024-08-29,롯데백화점_본점,10908
2024-08-30,롯데백화점_본점,12258
2024-08-31,롯데백화점_본점,10466
2024-09-01,롯데백화점_본점,9123
2024-09-02,롯데백화점_본점,9676
2024-09-03,롯데백화점_본점,10555
2024-09-04,롯데백화점_본점,11055
2024-09-05,롯데백화점_본점,11124
2024-09-06,롯데백화점_본점,11893
2024-09-07,롯데백화점_본점,10097
2024-09-08,롯데백화점_본점,9353
2024-09-09,롯데백화점_본점,10778
2024-09-10,롯데백화점_본점,10850
2024-09-11,롯데백화점_본점,11593
2024-09-12,롯데백화점_본점,10816
2024-09-13,롯데백화점_본점,11639
2024-09-14,롯데백화점_본점,8908
2024-09-15,롯데백화점_본점,9353
2024-09-16,롯데백화점_본점,1901
2024-09-17,롯데백화점_본점,1541
2024-09-18,롯데백화점_본점,9159
2024-09-19,롯데백화점_본점,9764
2024-09-20,롯데백화점_본점,10266
2024-09-21,롯데백화점_본점,8988
2024-09-22,롯데백화점_본점,9046
2024-09-23,롯데백화점_본점,9306
2024-09-24,롯데백화점_본점,10679
2024-09-25,롯데백화점_본점,10837
2024-09-26,롯데백화점_본점,10317
2024-09-27,롯데백화점_본점,11680
2024-09-28,롯데백화점_본점,9168
2024-09-29,롯데백화점_본점,7977
2024-09-30,롯데백화점_본점,10539
2024-10-01,롯데백화점_본점,10251
2024-10-02,롯데백화점_본점,10360
2024-10-03,롯데백화점_본점,9508
2024-10-04,롯데백화점_본점,10941
2024-10-05,롯데백화점_본점,8650
2024-10-06,롯데백화점_본점,7834
2024-10-07,롯데백화점_본점,9320
2024-10-08,롯데백화점_본점,10436
2024-10-09,롯데백화점_본점,9098
2024-10-10,롯데백화점_본점,9240
2024-10-11,롯데백화점_본점,9866
2024-10-12,롯데백화점_본점,9199
2024-10-13,롯데백화점_본점,8808
2024-10-14,롯데백화점_본점,3325
2024-10-15,롯데백화점_본점,9738
2024-10-16,롯데백화점_본점,9669
2024-10-17,롯데백화점_본점,9552
2024-10-18,롯데백화점_본점,10458
2024-10-19,롯데백화점_본점,9067
2024-10-20,롯데백화점_본점,8617
2024-10-21,롯데백화점_본점,9569
2024-10-22,롯데백화점_본점,9844
2024-10-23,롯데백화점_본점,10508
2024-10-24,롯데백화점_본점,10021
2024-10-25,롯데백화점_본점,10274
2024-10-26,롯데백화점_본점,9747
2024-10-27,롯데백화점_본점,8863
2024-10-28,롯데백화점_본점,9519
2024-10-29,롯데백화점_본점,10450
2024-10-30,롯데백화점_본점,10457
2024-10-31,롯데백화점_본점,10770
2024-11-01,롯데백화점_본점,10950
2024-11-02,롯데백화점_본점,9589
2024-11-03,롯데백화점_본점,8817
2024-11-04,롯데백화점_본점,10129
2024-11-05,롯데백화점_본점,10579
2024-11-06,롯데백화점_본점,10805
2024-11-07,롯데백화점_본점,10875
2024-11-08,롯데백화점_본점,11606
2024-11-09,롯데백화점_본점,10271
2024-11-10,롯데백화점_본점,10333
2024-11-11,롯데백화점_본점,3945
2024-11-12,롯데백화점_본점,11285
2024-11-13,롯데백화점_본점,11291
2024-11-14,롯데백화점_본점,9886
2024-11-15,롯데백화점_본점,11481
2024-11-16,롯데백화점_본점,9497
2024-11-17,롯데백화점_본점,9994
2024-11-18,롯데백화점_본점,10893
2024-11-19,롯데백화점_본점,11455
2024-11-20,롯데백화점_본점,11230
2024-11-21,롯데백화점_본점,10966
2024-11-22,롯데백화점_본점,13063
2024-11-23,롯데백화점_본점,11747
2024-11-24,롯데백화점_본점,10105
2024-11-25,롯데백화점_본점,10172
2024-11-26,롯데백화점_본점,11037
2024-11-27,롯데백화점_본점,11357
2024-11-28,롯데백화점_본점,11910
2024-11-29,롯데백화점_본점,13026
2024-11-30,롯데백화점_본점,12218
2024-12-01,롯데백화점_본점,10865
2024-12-02,롯데백화점_본점,11542
2024-12-03,롯데백화점_본점,11886
2024-12-04,롯데백화점_본점,10920
2024-12-05,롯데백화점_본점,10062
2024-12-06,롯데백화점_본점,11968
2024-12-07,롯데백화점_본점,8985
2024-12-08,롯데백화점_본점,9342
2024-12-09,롯데백화점_본점,10114
2024-12-10,롯데백화점_본점,11140
2024-12-11,롯데백화점_본점,10727
2024-12-12,롯데백화점_본점,11478
2024-12-13,롯데백화점_본점,12160
2024-12-14,롯데백화점_본점,9714
2024-12-15,롯데백화점_본점,9202
2024-12-16,롯데백화점_본점,9832
2024-12-17,롯데백화점_본점,11706
2024-12-18,롯데백화점_본점,10705
2024-12-19,롯데백화점_본점,12233
2024-12-20,롯데백화점_본점,13677
2024-12-21,롯데백화점_본점,11683
2024-12-22,롯데백화점_본점,11146
2024-12-23,롯데백화점_본점,12800
2024-12-24,롯데백화점_본점,17180
2024-12-25,롯데백화점_본점,16774
2024-12-26,롯데백화점_본점,12516
2024-12-27,롯데백화점_본점,12989
2024-12-28,롯데백화점_본점,10910
2024-12-29,롯데백화점_본점,9916
2024-12-30,롯데백화점_본점,12019
2024-12-31,롯데백화점_본점,13828
2021-04-01,신세계_강남,10420
2021-04-02,신세계_강남,11415
2021-04-03,신세계_강남,12371
2021-04-04,신세계_강남,12125
2021-04-05,신세계_강남,9424
2021-04-06,신세계_강남,10185
2021-04-07,신세계_강남,10795
2021-04-08,신세계_강남,10577
2021-04-09,신세계_강남,12094
2021-04-10,신세계_강남,12365
2021-04-11,신세계_강남,11898
2021-04-12,신세계_강남,8335
2021-04-13,신세계_강남,9405
2021-04-14,신세계_강남,10157
2021-04-15,신세계_강남,10338
2021-04-16,신세계_강남,11275
2021-04-17,신세계_강남,11694
2021-04-18,신세계_강남,11953
2021-04-19,신세계_강남,2048
2021-04-20,신세계_강남,10034
2021-04-21,신세계_강남,9305
2021-04-22,신세계_강남,9007
2021-04-23,신세계_강남,10906
2021-04-24,신세계_강남,11903
2021-04-25,신세계_강남,11576
2021-04-26,신세계_강남,8489
2021-04-27,신세계_강남,9640
2021-04-28,신세계_강남,9181
2021-04-29,신세계_강남,9184
2021-04-30,신세계_강남,10936
2021-05-01,신세계_강남,12264
2021-05-02,신세계_강남,11063
2021-05-03,신세계_강남,9041
2021-05-04,신세계_강남,9598
2021-05-05,신세계_강남,11025
2021-05-06,신세계_강남,8079
2021-05-07,신세계_강남,9448
2021-05-08,신세계_강남,9251
2021-05-09,신세계_강남,9867
2021-05-10,신세계_강남,7435
2021-05-11,신세계_강남,8766
2021-05-12,신세계_강남,8583
2021-05-13,신세계_강남,6819
2021-05-14,신세계_강남,9555
2021-05-15,신세계_강남,10228
2021-05-16,신세계_강남,9372
2021-05-17,신세계_강남,1330
2021-05-18,신세계_강남,9840
2021-05-19,신세계_강남,10324
2021-05-20,신세계_강남,8021
2021-05-21,신세계_강남,9725
2021-05-22,신세계_강남,10895
2021-05-23,신세계_강남,9901
2021-05-24,신세계_강남,7931
2021-05-25,신세계_강남,8067
2021-05-26,신세계_강남,8345
2021-05-27,신세계_강남,8363
2021-05-28,신세계_강남,9377
2021-05-29,신세계_강남,10649
2021-05-30,신세계_강남,9806
2021-05-31,신세계_강남,7314
2021-06-01,신세계_강남,8786
2021-06-02,신세계_강남,9419
2021-06-03,신세계_강남,8435
2021-06-04,신세계_강남,10498
2021-06-05,신세계_강남,11459
2021-06-06,신세계_강남,10384
2021-06-07,신세계_강남,8103
2021-06-08,신세계_강남,9056
2021-06-09,신세계_강남,8716
2021-06-10,신세계_강남,9057
2021-06-11,신세계_강남,9947
2021-06-12,신세계_강남,11114
2021-06-13,신세계_강남,11649
2021-06-14,신세계_강남,8246
2021-06-15,신세계_강남,8243
2021-06-16,신세계_강남,9043
2021-06-17,신세계_강남,8250
2021-06-18,신세계_강남,9997
2021-06-19,신세계_강남,11059
2021-06-20,신세계_강남,10371
2021-06-21,신세계_강남,1731
2021-06-22,신세계_강남,8028
2021-06-23,신세계_강남,8388
2021-06-24,신세계_강남,9322
2021-06-25,신세계_강남,10553
2021-06-26,신세계_강남,10586
2021-06-27,신세계_강남,11083
2021-06-28,신세계_강남,8092
2021-06-29,신세계_강남,8845
2021-06-30,신세계_강남,8374
2021-07-01,신세계_강남,9511
2021-07-02,신세계_강남,10972
2021-07-03,신세계_강남,10625
2021-07-04,신세계_강남,10412
2021-07-05,신세계_강남,7755
2021-07-06,신세계_강남,8824
2021-07-07,신세계_강남,7917
2021-07-08,신세계_강남,7590
2021-07-09,신세계_강남,8029
2021-07-10,신세계_강남,7763
2021-07-11,신세계_강남,8051
2021-07-12,신세계_강남,6595
2021-07-13,신세계_강남,6984
2021-07-14,신세계_강남,6784
2021-07-15,신세계_강남,6396
2021-07-16,신세계_강남,7437
2021-07-17,신세계_강남,7649
2021-07-18,신세계_강남,7266
2021-07-19,신세계_강남,6038
2021-07-20,신세계_강남,6665
2021-07-21,신세계_강남,6980
2021-07-22,신세계_강남,7045
2021-07-23,신세계_강남,7103
2021-07-24,신세계_강남,8106
2021-07-25,신세계_강남,8040
2021-07-26,신세계_강남,2501
2021-07-27,신세계_강남,7524
2021-07-28,신세계_강남,7509
2021-07-29,신세계_강남,7205
2021-07-30,신세계_강남,8463
2021-07-31,신세계_강남,8248
2021-08-01,신세계_강남,8777
2021-08-02,신세계_강남,7627
2021-08-03,신세계_강남,7925
2021-08-04,신세계_강남,8196
2021-08-05,신세계_강남,7990
2021-08-06,신세계_강남,10056
2021-08-07,신세계_강남,9165
2021-08-08,신세계_강남,9597
2021-08-09,신세계_강남,7753
2021-08-10,신세계_강남,8624
2021-08-11,신세계_강남,9361
2021-08-12,신세계_강남,8632
2021-08-13,신세계_강남,10694
2021-08-14,신세계_강남,10328
2021-08-15,신세계_강남,9706
2021-08-16,신세계_강남,10406
2021-08-17,신세계_강남,7976
2021-08-18,신세계_강남,7734
2021-08-19,신세계_강남,9126
2021-08-20,신세계_강남,10191
2021-08-21,신세계_강남,9894
2021-08-22,신세계_강남,10464
2021-08-23,신세계_강남,2342
2021-08-24,신세계_강남,9080
2021-08-25,신세계_강남,9101
2021-08-26,신세계_강남,8996
2021-08-27,신세계_강남,10132
2021-08-28,신세계_강남,11016
2021-08-29,신세계_강남,10860
2021-08-30,신세계_강남,8640
2021-08-31,신세계_강남,8372
2021-09-01,신세계_강남,7647
2021-09-02,신세계_강남,9058
2021-09-03,신세계_강남,10545
2021-09-04,신세계_강남,10826
2021-09-05,신세계_강남,10226
2021-09-06,신세계_강남,7801
2021-09-07,신세계_강남,7932
2021-09-08,신세계_강남,9284
2021-09-09,신세계_강남,9355
2021-09-10,신세계_강남,10507
2021-09-11,신세계_강남,11946
2021-09-12,신세계_강남,10921
2021-09-13,신세계_강남,7996
2021-09-14,신세계_강남,9223
2021-09-15,신세계_강남,9754
2021-09-16,신세계_강남,10054
2021-09-17,신세계_강남,11856
2021-09-18,신세계_강남,11425
2021-09-19,신세계_강남,10163
2021-09-20,신세계_강남,1212
2021-09-21,신세계_강남,1096
2021-09-22,신세계_강남,10680
2021-09-23,신세계_강남,9334
2021-09-24,신세계_강남,9882
2021-09-25,신세계_강남,10339
2021-09-26,신세계_강남,10584
2021-09-27,신세계_강남,7506
2021-09-28,신세계_강남,8121
2021-09-29,신세계_강남,8139
2021-09-30,신세계_강남,9099
2021-10-01,신세계_강남,10331
2021-10-02,신세계_강남,11215
2021-10-03,신세계_강남,10406
2021-10-04,신세계_강남,9109
2021-10-05,신세계_강남,7608
2021-10-06,신세계_강남,8347
2021-10-07,신세계_강남,8750
2021-10-08,신세계_강남,9973
2021-10-09,신세계_강남,10918
2021-10-10,신세계_강남,11137
2021-10-11,신세계_강남,11093
2021-10-12,신세계_강남,7923
2021-10-13,신세계_강남,9127
2021-10-14,신세계_강남,9467
2021-10-15,신세계_강남,10268
2021-10-16,신세계_강남,11490
2021-10-17,신세계_강남,12079
2021-10-18,신세계_강남,2398
2021-10-19,신세계_강남,8911
2021-10-20,신세계_강남,9240
2021-10-21,신세계_강남,9502
2021-10-22,신세계_강남,11254
2021-10-23,신세계_강남,12051
2021-10-24,신세계_강남,11559
2021-10-25,신세계_강남,7996
2021-10-26,신세계_강남,8079
2021-10-27,신세계_강남,9106
2021-10-28,신세계_강남,8892
2021-10-29,신세계_강남,10525
2021-10-30,신세계_강남,11808
2021-10-31,신세계_강남,12015
2021-11-01,신세계_강남,8629
2021-11-02,신세계_강남,8522
2021-11-03,신세계_강남,9398
2021-11-04,신세계_강남,10317
2021-11-05,신세계_강남,11305
2021-11-06,신세계_강남,11218
2021-11-07,신세계_강남,11143
2021-11-08,신세계_강남,8524
2021-11-09,신세계_강남,9147
2021-11-10,신세계_강남,10175
2021-11-11,신세계_강남,11321
2021-11-12,신세계_강남,12910
2021-11-13,신세계_강남,13443
2021-11-14,신세계_강남,12884
2021-11-15,신세계_강남,2895
2021-11-16,신세계_강남,10391
2021-11-17,신세계_강남,9774
2021-11-18,신세계_강남,9204
2021-11-19,신세계_강남,11733
2021-11-20,신세계_강남,11693
2021-11-21,신세계_강남,11736
2021-11-22,신세계_강남,9153
2021-11-23,신세계_강남,10195
2021-11-24,신세계_강남,9627
2021-11-25,신세계_강남,10588
2021-11-26,신세계_강남,11478
2021-11-27,신세계_강남,12003
2021-11-28,신세계_강남,11393
2021-11-29,신세계_강남,9159
2021-11-30,신세계_강남,9566
2021-12-01,신세계_강남,10172
2021-12-02,신세계_강남,10505
2021-12-03,신세계_강남,12585
2021-12-04,신세계_강남,11820
2021-12-05,신세계_강남,12279
2021-12-06,신세계_강남,9306
2021-12-07,신세계_강남,9839
2021-12-08,신세계_강남,10014
2021-12-09,신세계_강남,9740
2021-12-10,신세계_강남,10010
2021-12-11,신세계_강남,11309
2021-12-12,신세계_강남,11859
2021-12-13,신세계_강남,8893
2021-12-14,신세계_강남,9136
2021-12-15,신세계_강남,9670
2021-12-16,신세계_강남,9584
2021-12-17,신세계_강남,11523
2021-12-18,신세계_강남,10934
2021-12-19,신세계_강남,11677
2021-12-20,신세계_강남,9071
2021-12-21,신세계_강남,10387
2021-12-22,신세계_강남,10231
2021-12-23,신세계_강남,11683
2021-12-24,신세계_강남,13990
2021-12-25,신세계_강남,12800
2021-12-26,신세계_강남,12418
2021-12-27,신세계_강남,9802
2021-12-28,신세계_강남,10634
2021-12-29,신세계_강남,11545
2021-12-30,신세계_강남,12784
2021-12-31,신세계_강남,14705
2022-01-01,신세계_강남,2067
2022-01-02,신세계_강남,10063
2022-01-03,신세계_강남,7313
2022-01-04,신세계_강남,7537
2022-01-05,신세계_강남,7920
2022-01-06,신세계_강남,8193
2022-01-07,신세계_강남,9203
2022-01-08,신세계_강남,9306
2022-01-09,신세계_강남,9705
2022-01-10,신세계_강남,6676
2022-01-11,신세계_강남,7760
2022-01-12,신세계_강남,7599
2022-01-13,신세계_강남,7353
2022-01-14,신세계_강남,8690
2022-01-15,신세계_강남,8984
2022-01-16,신세계_강남,9441
2022-01-17,신세계_강남,7073
2022-01-18,신세계_강남,7581
2022-01-19,신세계_강남,7645
2022-01-20,신세계_강남,7697
2022-01-21,신세계_강남,9296
2022-01-22,신세계_강남,8951
2022-01-23,신세계_강남,9375
2022-01-24,신세계_강남,7528
2022-01-25,신세계_강남,7500
2022-01-26,신세계_강남,8408
2022-01-27,신세계_강남,8125
2022-01-28,신세계_강남,9682
2022-01-29,신세계_강남,8511
2022-01-30,신세계_강남,9055
2022-01-31,신세계_강남,1087
2022-02-01,신세계_강남,837
2022-02-02,신세계_강남,9809
2022-02-03,신세계_강남,7982
2022-02-04,신세계_강남,8831
2022-02-05,신세계_강남,9912
2022-02-06,신세계_강남,10006
2022-02-07,신세계_강남,7079
2022-02-08,신세계_강남,7742
2022-02-09,신세계_강남,8424
2022-02-10,신세계_강남,7875
2022-02-11,신세계_강남,9614
2022-02-12,신세계_강남,10066
2022-02-13,신세계_강남,11442
2022-02-14,신세계_강남,8191
2022-02-15,신세계_강남,7999
2022-02-16,신세계_강남,7399
2022-02-17,신세계_강남,8444
2022-02-18,신세계_강남,10160
2022-02-19,신세계_강남,10746
2022-02-20,신세계_강남,11151
2022-02-21,신세계_강남,7920
2022-02-22,신세계_강남,8692
2022-02-23,신세계_강남,8524
2022-02-24,신세계_강남,9139
2022-02-25,신세계_강남,9978
2022-02-26,신세계_강남,10626
2022-02-27,신세계_강남,11700
2022-02-28,신세계_강남,9357
2022-03-01,신세계_강남,9818
2022-03-02,신세계_강남,8105
2022-03-03,신세계_강남,8813
2022-03-04,신세계_강남,9281
2022-03-05,신세계_강남,10866
2022-03-06,신세계_강남,10506
2022-03-07,신세계_강남,7831
2022-03-08,신세계_강남,8323
2022-03-09,신세계_강남,8860
2022-03-10,신세계_강남,8065
2022-03-11,신세계_강남,9423
2022-03-12,신세계_강남,10625
2022-03-13,신세계_강남,10797
2022-03-14,신세계_강남,7530
2022-03-15,신세계_강남,8245
2022-03-16,신세계_강남,8421
2022-03-17,신세계_강남,8211
2022-03-18,신세계_강남,9684
2022-03-19,신세계_강남,10499
2022-03-20,신세계_강남,11090
2022-03-21,신세계_강남,2235
2022-03-22,신세계_강남,9000
2022-03-23,신세계_강남,9102
2022-03-24,신세계_강남,8759
2022-03-25,신세계_강남,10344
2022-03-26,신세계_강남,11091
2022-03-27,신세계_강남,11139
2022-03-28,신세계_강남,8246
2022-03-29,신세계_강남,8189
2022-03-30,신세계_강남,8269
2022-03-31,신세계_강남,8907
2022-04-01,신세계_강남,10415
2022-04-02,신세계_강남,12004
2022-04-03,신세계_강남,12568
2022-04-04,신세계_강남,7911
2022-04-05,신세계_강남,8232
2022-04-06,신세계_강남,8641
2022-04-07,신세계_강남,9611
2022-04-08,신세계_강남,10618
2022-04-09,신세계_강남,11123
2022-04-10,신세계_강남,11225
2022-04-11,신세계_강남,7969
2022-04-12,신세계_강남,8618
2022-04-13,신세계_강남,9200
2022-04-14,신세계_강남,9793
2022-04-15,신세계_강남,10748
2022-04-16,신세계_강남,12054
2022-04-17,신세계_강남,10952
2022-04-18,신세계_강남,2241
2022-04-19,신세계_강남,9514
2022-04-20,신세계_강남,9485
2022-04-21,신세계_강남,9557
2022-04-22,신세계_강남,9340
2022-04-23,신세계_강남,10543
2022-04-24,신세계_강남,10246
2022-04-25,신세계_강남,7420
2022-04-26,신세계_강남,8133
2022-04-27,신세계_강남,8748
2022-04-28,신세계_강남,9381
2022-04-29,신세계_강남,11965
2022-04-30,신세계_강남,12687
2022-05-01,신세계_강남,11750
2022-05-02,신세계_강남,8536
2022-05-03,신세계_강남,9779
2022-05-04,신세계_강남,10803
2022-05-05,신세계_강남,12982
2022-05-06,신세계_강남,12783
2022-05-07,신세계_강남,11252
2022-05-08,신세계_강남,10953
2022-05-09,신세계_강남,8059
2022-05-10,신세계_강남,8690
2022-05-11,신세계_강남,8903
2022-05-12,신세계_강남,9607
2022-05-13,신세계_강남,10879
2022-05-14,신세계_강남,12595
2022-05-15,신세계_강남,11844
2022-05-16,신세계_강남,2225
2022-05-17,신세계_강남,10246
2022-05-18,신세계_강남,9468
2022-05-19,신세계_강남,9818
2022-05-20,신세계_강남,11125
2022-05-21,신세계_강남,12186
2022-05-22,신세계_강남,12248
2022-05-23,신세계_강남,8217
2022-05-24,신세계_강남,8874
2022-05-25,신세계_강남,8789
2022-05-26,신세계_강남,8751
2022-05-27,신세계_강남,10638
2022-05-28,신세계_강남,12136
2022-05-29,신세계_강남,11451
2022-05-30,신세계_강남,8377
2022-05-31,신세계_강남,9830
2022-06-01,신세계_강남,13232
2022-06-02,신세계_강남,9774
2022-06-03,신세계_강남,12505
2022-06-04,신세계_강남,12962
2022-06-05,신세계_강남,12564
2022-06-06,신세계_강남,11982
2022-06-07,신세계_강남,9373
2022-06-08,신세계_강남,9304
2022-06-09,신세계_강남,9267
2022-06-10,신세계_강남,11551
2022-06-11,신세계_강남,13145
2022-06-12,신세계_강남,12747
2022-06-13,신세계_강남,9090
2022-06-14,신세계_강남,10047
2022-06-15,신세계_강남,9080
2022-06-16,신세계_강남,9404
2022-06-17,신세계_강남,11587
2022-06-18,신세계_강남,12302
2022-06-19,신세계_강남,12239
2022-06-20,신세계_강남,2862
2022-06-21,신세계_강남,10971
2022-06-22,신세계_강남,10583
2022-06-23,신세계_강남,9539
2022-06-24,신세계_강남,13129
2022-06-25,신세계_강남,13780
2022-06-26,신세계_강남,13238
2022-06-27,신세계_강남,9767
2022-06-28,신세계_강남,9813
2022-06-29,신세계_강남,10358
2022-06-30,신세계_강남,10330
2022-07-01,신세계_강남,12308
2022-07-02,신세계_강남,13397
2022-07-03,신세계_강남,13152
2022-07-04,신세계_강남,9876
2022-07-05,신세계_강남,10752
2022-07-06,신세계_강남,10850
2022-07-07,신세계_강남,11233
2022-07-08,신세계_강남,12584
2022-07-09,신세계_강남,12974
2022-07-10,신세계_강남,13060
2022-07-11,신세계_강남,9302
2022-07-12,신세계_강남,10201
2022-07-13,신세계_강남,9317
2022-07-14,신세계_강남,10212
2022-07-15,신세계_강남,12518
2022-07-16,신세계_강남,12318
2022-07-17,신세계_강남,12448
2022-07-18,신세계_강남,3217
2022-07-19,신세계_강남,10963
2022-07-20,신세계_강남,10658
2022-07-21,신세계_강남,9890
2022-07-22,신세계_강남,12245
2022-07-23,신세계_강남,12033
2022-07-24,신세계_강남,12318
2022-07-25,신세계_강남,9721
2022-07-26,신세계_강남,10254
2022-07-27,신세계_강남,10526
2022-07-28,신세계_강남,11016
2022-07-29,신세계_강남,12204
2022-07-30,신세계_강남,13156
2022-07-31,신세계_강남,12688
2022-08-01,신세계_강남,10802
2022-08-02,신세계_강남,10902
2022-08-03,신세계_강남,11477
2022-08-04,신세계_강남,11768
2022-08-05,신세계_강남,13510
2022-08-06,신세계_강남,14821
2022-08-07,신세계_강남,14000
2022-08-08,신세계_강남,4120
2022-08-09,신세계_강남,8811
2022-08-10,신세계_강남,11134
2022-08-11,신세계_강남,11853
2022-08-12,신세계_강남,14558
2022-08-13,신세계_강남,14228
2022-08-14,신세계_강남,14606
2022-08-15,신세계_강남,13780
2022-08-16,신세계_강남,11106
2022-08-17,신세계_강남,11779
2022-08-18,신세계_강남,11594
2022-08-19,신세계_강남,13328
2022-08-20,신세계_강남,15171
2022-08-21,신세계_강남,14311
2022-08-22,신세계_강남,11158
2022-08-23,신세계_강남,11932
2022-08-24,신세계_강남,11715
2022-08-25,신세계_강남,12537
2022-08-26,신세계_강남,14816
2022-08-27,신세계_강남,16428
2022-08-28,신세계_강남,15733
2022-08-29,신세계_강남,11723
2022-08-30,신세계_강남,12601
2022-08-31,신세계_강남,14552
2022-09-01,신세계_강남,13158
2022-09-02,신세계_강남,14770
2022-09-03,신세계_강남,15786
2022-09-04,신세계_강남,14917
2022-09-05,신세계_강남,10710
2022-09-06,신세계_강남,11907
2022-09-07,신세계_강남,14151
2022-09-08,신세계_강남,16440
2022-09-09,신세계_강남,2851
2022-09-10,신세계_강남,1736
2022-09-11,신세계_강남,14538
2022-09-12,신세계_강남,15284
2022-09-13,신세계_강남,10765
2022-09-14,신세계_강남,11122
2022-09-15,신세계_강남,11819
2022-09-16,신세계_강남,13042
2022-09-17,신세계_강남,15770
2022-09-18,신세계_강남,15763
2022-09-19,신세계_강남,10505
2022-09-20,신세계_강남,11514
2022-09-21,신세계_강남,11328
2022-09-22,신세계_강남,11770
2022-09-23,신세계_강남,12975
2022-09-24,신세계_강남,14102
2022-09-25,신세계_강남,14757
2022-09-26,신세계_강남,9862
2022-09-27,신세계_강남,10996
2022-09-28,신세계_강남,11519
2022-09-29,신세계_강남,11481
2022-09-30,신세계_강남,13914
2022-10-01,신세계_강남,15007
2022-10-02,신세계_강남,14693
2022-10-03,신세계_강남,15447
2022-10-04,신세계_강남,9591
2022-10-05,신세계_강남,10913
2022-10-06,신세계_강남,10607
2022-10-07,신세계_강남,13993
2022-10-08,신세계_강남,14725
2022-10-09,신세계_강남,15583
2022-10-10,신세계_강남,15785
2022-10-11,신세계_강남,10839
2022-10-12,신세계_강남,11435
2022-10-13,신세계_강남,11568
2022-10-14,신세계_강남,13288
2022-10-15,신세계_강남,14632
2022-10-16,신세계_강남,13549
2022-10-17,신세계_강남,3164
2022-10-18,신세계_강남,11902
2022-10-19,신세계_강남,11206
2022-10-20,신세계_강남,11176
2022-10-21,신세계_강남,13293
2022-10-22,신세계_강남,13801
2022-10-23,신세계_강남,14551
2022-10-24,신세계_강남,10236
2022-10-25,신세계_강남,10425
2022-10-26,신세계_강남,11056
2022-10-27,신세계_강남,11722
2022-10-28,신세계_강남,12841
2022-10-29,신세계_강남,13391
2022-10-30,신세계_강남,12879
2022-10-31,신세계_강남,9979
2022-11-01,신세계_강남,10206
2022-11-02,신세계_강남,10656
2022-11-03,신세계_강남,11505
2022-11-04,신세계_강남,13307
2022-11-05,신세계_강남,14896
2022-11-06,신세계_강남,14158
2022-11-07,신세계_강남,10380
2022-11-08,신세계_강남,11047
2022-11-09,신세계_강남,11545
2022-11-10,신세계_강남,12100
2022-11-11,신세계_강남,14143
2022-11-12,신세계_강남,15462
2022-11-13,신세계_강남,16721
2022-11-14,신세계_강남,3160
2022-11-15,신세계_강남,11696
2022-11-16,신세계_강남,10494
2022-11-17,신세계_강남,9982
2022-11-18,신세계_강남,12343
2022-11-19,신세계_강남,13527
2022-11-20,신세계_강남,14683
2022-11-21,신세계_강남,9650
2022-11-22,신세계_강남,10290
2022-11-23,신세계_강남,11262
2022-11-24,신세계_강남,10282
2022-11-25,신세계_강남,12187
2022-11-26,신세계_강남,14418
2022-11-27,신세계_강남,13942
2022-11-28,신세계_강남,9797
2022-11-29,신세계_강남,10786
2022-11-30,신세계_강남,10718
2022-12-01,신세계_강남,11679
2022-12-02,신세계_강남,13377
2022-12-03,신세계_강남,14116
2022-12-04,신세계_강남,14826
2022-12-05,신세계_강남,11284
2022-12-06,신세계_강남,11152
2022-12-07,신세계_강남,11840
2022-12-08,신세계_강남,12609
2022-12-09,신세계_강남,13077
2022-12-10,신세계_강남,15660
2022-12-11,신세계_강남,16385
2022-12-12,신세계_강남,10835
2022-12-13,신세계_강남,11596
2022-12-14,신세계_강남,12438
2022-12-15,신세계_강남,11102
2022-12-16,신세계_강남,13916
2022-12-17,신세계_강남,15300
2022-12-18,신세계_강남,15299
2022-12-19,신세계_강남,11895
2022-12-20,신세계_강남,13016
2022-12-21,신세계_강남,12735
2022-12-22,신세계_강남,13750
2022-12-23,신세계_강남,16129
2022-12-24,신세계_강남,16306
2022-12-25,신세계_강남,14742
2022-12-26,신세계_강남,12262
2022-12-27,신세계_강남,13156
2022-12-28,신세계_강남,12928
2022-12-29,신세계_강남,13940
2022-12-30,신세계_강남,16570
2022-12-31,신세계_강남,14098
2023-01-01,신세계_강남,2969
2023-01-02,신세계_강남,11834
2023-01-03,신세계_강남,12795
2023-01-04,신세계_강남,13227
2023-01-05,신세계_강남,12708
2023-01-06,신세계_강남,13787
2023-01-07,신세계_강남,15939
2023-01-08,신세계_강남,16718
2023-01-09,신세계_강남,11502
2023-01-10,신세계_강남,11989
2023-01-11,신세계_강남,12867
2023-01-12,신세계_강남,13707
2023-01-13,신세계_강남,13975
2023-01-14,신세계_강남,15969
2023-01-15,신세계_강남,15498
2023-01-16,신세계_강남,12061
2023-01-17,신세계_강남,12587
2023-01-18,신세계_강남,13450
2023-01-19,신세계_강남,12947
2023-01-20,신세계_강남,17575
2023-01-21,신세계_강남,2690
2023-01-22,신세계_강남,1453
2023-01-23,신세계_강남,15218
2023-01-24,신세계_강남,14550
2023-01-25,신세계_강남,10608
2023-01-26,신세계_강남,10898
2023-01-27,신세계_강남,13607
2023-01-28,신세계_강남,14450
2023-01-29,신세계_강남,14436
2023-01-30,신세계_강남,11949
2023-01-31,신세계_강남,12179
2023-02-01,신세계_강남,12675
2023-02-02,신세계_강남,13044
2023-02-03,신세계_강남,13962
2023-02-04,신세계_강남,15949
2023-02-05,신세계_강남,15454
2023-02-06,신세계_강남,11314
2023-02-07,신세계_강남,12616
2023-02-08,신세계_강남,12857
2023-02-09,신세계_강남,12234
2023-02-10,신세계_강남,14459
2023-02-11,신세계_강남,16364
2023-02-12,신세계_강남,16026
2023-02-13,신세계_강남,11602
2023-02-14,신세계_강남,12930
2023-02-15,신세계_강남,12839
2023-02-16,신세계_강남,12654
2023-02-17,신세계_강남,15035
2023-02-18,신세계_강남,15188
2023-02-19,신세계_강남,15799
2023-02-20,신세계_강남,11167
2023-02-21,신세계_강남,12552
2023-02-22,신세계_강남,11764
2023-02-23,신세계_강남,11915
2023-02-24,신세계_강남,14161
2023-02-25,신세계_강남,15979
2023-02-26,신세계_강남,16502
2023-02-27,신세계_강남,11835
2023-02-28,신세계_강남,13333
2023-03-01,신세계_강남,14828
2023-03-02,신세계_강남,11237
2023-03-03,신세계_강남,14202
2023-03-04,신세계_강남,16172
2023-03-05,신세계_강남,15178
2023-03-06,신세계_강남,11775
2023-03-07,신세계_강남,12403
2023-03-08,신세계_강남,11825
2023-03-09,신세계_강남,12314
2023-03-10,신세계_강남,14695
2023-03-11,신세계_강남,15413
2023-03-12,신세계_강남,15890
2023-03-13,신세계_강남,11904
2023-03-14,신세계_강남,13917
2023-03-15,신세계_강남,12915
2023-03-16,신세계_강남,13289
2023-03-17,신세계_강남,14666
2023-03-18,신세계_강남,17211
2023-03-19,신세계_강남,16704
2023-03-20,신세계_강남,3688
2023-03-21,신세계_강남,13595
2023-03-22,신세계_강남,12875
2023-03-23,신세계_강남,12495
2023-03-24,신세계_강남,15542
2023-03-25,신세계_강남,15686
2023-03-26,신세계_강남,16829
2023-03-27,신세계_강남,12017
2023-03-28,신세계_강남,12268
2023-03-29,신세계_강남,12434
2023-03-30,신세계_강남,13378
2023-03-31,신세계_강남,14396
2023-04-01,신세계_강남,16097
2023-04-02,신세계_강남,14984
2023-04-03,신세계_강남,12591
2023-04-04,신세계_강남,13068
2023-04-05,신세계_강남,12758
2023-04-06,신세계_강남,12429
2023-04-07,신세계_강남,15530
2023-04-08,신세계_강남,16459
2023-04-09,신세계_강남,16275
2023-04-10,신세계_강남,11891
2023-04-11,신세계_강남,11332
2023-04-12,신세계_강남,12672
2023-04-13,신세계_강남,13786
2023-04-14,신세계_강남,15115
2023-04-15,신세계_강남,16585
2023-04-16,신세계_강남,16398
2023-04-17,신세계_강남,3943
2023-04-18,신세계_강남,12575
2023-04-19,신세계_강남,12811
2023-04-20,신세계_강남,11722
2023-04-21,신세계_강남,15162
2023-04-22,신세계_강남,17051
2023-04-23,신세계_강남,16246
2023-04-24,신세계_강남,12007
2023-04-25,신세계_강남,11811
2023-04-26,신세계_강남,12930
2023-04-27,신세계_강남,13265
2023-04-28,신세계_강남,14810
2023-04-29,신세계_강남,17168
2023-04-30,신세계_강남,15561
2023-05-01,신세계_강남,15723
2023-05-02,신세계_강남,11859
2023-05-03,신세계_강남,11947
2023-05-04,신세계_강남,14743
2023-05-05,신세계_강남,14886
2023-05-06,신세계_강남,15423
2023-05-07,신세계_강남,15042
2023-05-08,신세계_강남,11327
2023-05-09,신세계_강남,11911
2023-05-10,신세계_강남,12642
2023-05-11,신세계_강남,13370
2023-05-12,신세계_강남,14757
2023-05-13,신세계_강남,17375
2023-05-14,신세계_강남,17605
2023-05-15,신세계_강남,4057
2023-05-16,신세계_강남,12941
2023-05-17,신세계_강남,12330
2023-05-18,신세계_강남,12567
2023-05-19,신세계_강남,15251
2023-05-20,신세계_강남,15576
2023-05-21,신세계_강남,15115
2023-05-22,신세계_강남,11480
2023-05-23,신세계_강남,12010
2023-05-24,신세계_강남,11598
2023-05-25,신세계_강남,12694
2023-05-26,신세계_강남,15256
2023-05-27,신세계_강남,15060
2023-05-28,신세계_강남,14835
2023-05-29,신세계_강남,15723
2023-05-30,신세계_강남,11407
2023-05-31,신세계_강남,11632
2023-06-01,신세계_강남,12173
2023-06-02,신세계_강남,14718
2023-06-03,신세계_강남,16131
2023-06-04,신세계_강남,16000
2023-06-05,신세계_강남,14097
2023-06-06,신세계_강남,14974
2023-06-07,신세계_강남,11264
2023-06-08,신세계_강남,12413
2023-06-09,신세계_강남,14740
2023-06-10,신세계_강남,15386
2023-06-11,신세계_강남,15453
2023-06-12,신세계_강남,12102
2023-06-13,신세계_강남,12208
2023-06-14,신세계_강남,12293
2023-06-15,신세계_강남,11914
2023-06-16,신세계_강남,14728
2023-06-17,신세계_강남,15473
2023-06-18,신세계_강남,14898
2023-06-19,신세계_강남,3497
2023-06-20,신세계_강남,12218
2023-06-21,신세계_강남,11201
2023-06-22,신세계_강남,8119
2023-06-23,신세계_강남,10200
2023-06-24,신세계_강남,10476
2023-06-25,신세계_강남,10354
2023-06-26,신세계_강남,9253
2023-06-27,신세계_강남,10863
2023-06-28,신세계_강남,11523
2023-06-29,신세계_강남,11446
2023-06-30,신세계_강남,15249
2023-07-01,신세계_강남,16760
2023-07-02,신세계_강남,15060
2023-07-03,신세계_강남,11625
2023-07-04,신세계_강남,11375
2023-07-05,신세계_강남,12859
2023-07-06,신세계_강남,13215
2023-07-07,신세계_강남,15102
2023-07-08,신세계_강남,15237
2023-07-09,신세계_강남,13281
2023-07-10,신세계_강남,11509
2023-07-11,신세계_강남,10515
2023-07-12,신세계_강남,12508
2023-07-13,신세계_강남,11715
2023-07-14,신세계_강남,13197
2023-07-15,신세계_강남,14764
2023-07-16,신세계_강남,14232
2023-07-17,신세계_강남,2763
2023-07-18,신세계_강남,12573
2023-07-19,신세계_강남,13612
2023-07-20,신세계_강남,13862
2023-07-21,신세계_강남,14988
2023-07-22,신세계_강남,15613
2023-07-23,신세계_강남,14802
2023-07-24,신세계_강남,11937
2023-07-25,신세계_강남,12378
2023-07-26,신세계_강남,12489
2023-07-27,신세계_강남,13596
2023-07-28,신세계_강남,15231
2023-07-29,신세계_강남,14884
2023-07-30,신세계_강남,13448
2023-07-31,신세계_강남,13560
2023-08-01,신세계_강남,13373
2023-08-02,신세계_강남,13538
2023-08-03,신세계_강남,13743
2023-08-04,신세계_강남,14517
2023-08-05,신세계_강남,13907
2023-08-06,신세계_강남,14123
2023-08-07,신세계_강남,11589
2023-08-08,신세계_강남,12272
2023-08-09,신세계_강남,11686
2023-08-10,신세계_강남,9979
2023-08-11,신세계_강남,13602
2023-08-12,신세계_강남,13552
2023-08-13,신세계_강남,13724
2023-08-14,신세계_강남,13462
2023-08-15,신세계_강남,13934
2023-08-16,신세계_강남,11418
2023-08-17,신세계_강남,12025
2023-08-18,신세계_강남,13826
2023-08-19,신세계_강남,13983
2023-08-20,신세계_강남,13515
2023-08-21,신세계_강남,2917
2023-08-22,신세계_강남,12608
2023-08-23,신세계_강남,11581
2023-08-24,신세계_강남,11930
2023-08-25,신세계_강남,14861
2023-08-26,신세계_강남,15400
2023-08-27,신세계_강남,14462
2023-08-28,신세계_강남,10887
2023-08-29,신세계_강남,11330
2023-08-30,신세계_강남,12087
2023-08-31,신세계_강남,12752
2023-09-01,신세계_강남,13838
2023-09-02,신세계_강남,15160
2023-09-03,신세계_강남,13846
2023-09-04,신세계_강남,11160
2023-09-05,신세계_강남,11917
2023-09-06,신세계_강남,12404
2023-09-07,신세계_강남,12195
2023-09-08,신세계_강남,15177
2023-09-09,신세계_강남,15705
2023-09-10,신세계_강남,15457
2023-09-11,신세계_강남,11118
2023-09-12,신세계_강남,11897
2023-09-13,신세계_강남,11520
2023-09-14,신세계_강남,12785
2023-09-15,신세계_강남,14953
2023-09-16,신세계_강남,15726
2023-09-17,신세계_강남,15237
2023-09-18,신세계_강남,11668
2023-09-19,신세계_강남,13257
2023-09-20,신세계_강남,12846
2023-09-21,신세계_강남,12985
2023-09-22,신세계_강남,14380
2023-09-23,신세계_강남,15036
2023-09-24,신세계_강남,16011
2023-09-25,신세계_강남,12536
2023-09-26,신세계_강남,12944
2023-09-27,신세계_강남,15869
2023-09-28,신세계_강남,3288
2023-09-29,신세계_강남,1849
2023-09-30,신세계_강남,14717
2023-10-01,신세계_강남,14889
2023-10-02,신세계_강남,16073
2023-10-03,신세계_강남,15652
2023-10-04,신세계_강남,10370
2023-10-05,신세계_강남,11911
2023-10-06,신세계_강남,14681
2023-10-07,신세계_강남,15617
2023-10-08,신세계_강남,16203
2023-10-09,신세계_강남,15264
2023-10-10,신세계_강남,10274
2023-10-11,신세계_강남,11055
2023-10-12,신세계_강남,11475
2023-10-13,신세계_강남,14004
2023-10-14,신세계_강남,15200
2023-10-15,신세계_강남,14269
2023-10-16,신세계_강남,2736
2023-10-17,신세계_강남,12097
2023-10-18,신세계_강남,11481
2023-10-19,신세계_강남,11205
2023-10-20,신세계_강남,14490
2023-10-21,신세계_강남,15421
2023-10-22,신세계_강남,15698
2023-10-23,신세계_강남,10433
2023-10-24,신세계_강남,10527
2023-10-25,신세계_강남,11380
2023-10-26,신세계_강남,11269
2023-10-27,신세계_강남,12173
2023-10-28,신세계_강남,13464
2023-10-29,신세계_강남,13107
2023-10-30,신세계_강남,10233
2023-10-31,신세계_강남,10165
2023-11-01,신세계_강남,11070
2023-11-02,신세계_강남,11599
2023-11-03,신세계_강남,13548
2023-11-04,신세계_강남,14754
2023-11-05,신세계_강남,15076
2023-11-06,신세계_강남,9576
2023-11-07,신세계_강남,11885
2023-11-08,신세계_강남,12234
2023-11-09,신세계_강남,12255
2023-11-10,신세계_강남,13817
2023-11-11,신세계_강남,15883
2023-11-12,신세계_강남,15671
2023-11-13,신세계_강남,11081
2023-11-14,신세계_강남,12610
2023-11-15,신세계_강남,11288
2023-11-16,신세계_강남,11290
2023-11-17,신세계_강남,14912
2023-11-18,신세계_강남,16474
2023-11-19,신세계_강남,16328
2023-11-20,신세계_강남,10526
2023-11-21,신세계_강남,11883
2023-11-22,신세계_강남,11957
2023-11-23,신세계_강남,13137
2023-11-24,신세계_강남,14886
2023-11-25,신세계_강남,16690
2023-11-26,신세계_강남,16907
2023-11-27,신세계_강남,2468
2023-11-28,신세계_강남,14102
2023-11-29,신세계_강남,13115
2023-11-30,신세계_강남,13910
2023-12-01,신세계_강남,15913
2023-12-02,신세계_강남,16891
2023-12-03,신세계_강남,17177
2023-12-04,신세계_강남,12217
2023-12-05,신세계_강남,13820
2023-12-06,신세계_강남,13100
2023-12-07,신세계_강남,13152
2023-12-08,신세계_강남,15325
2023-12-09,신세계_강남,16043
2023-12-10,신세계_강남,16136
2023-12-11,신세계_강남,12056
2023-12-12,신세계_강남,13892
2023-12-13,신세계_강남,13479
2023-12-14,신세계_강남,13511
2023-12-15,신세계_강남,15243
2023-12-16,신세계_강남,16917
2023-12-17,신세계_강남,15998
2023-12-18,신세계_강남,13378
2023-12-19,신세계_강남,14149
2023-12-20,신세계_강남,14854
2023-12-21,신세계_강남,13994
2023-12-22,신세계_강남,16542
2023-12-23,신세계_강남,17316
2023-12-24,신세계_강남,18160
2023-12-25,신세계_강남,15775
2023-12-26,신세계_강남,13124
2023-12-27,신세계_강남,12887
2023-12-28,신세계_강남,14071
2023-12-29,신세계_강남,14497
2023-12-30,신세계_강남,13661
2023-12-31,신세계_강남,14855
2024-01-01,신세계_강남,1782
2024-01-02,신세계_강남,11654
2024-01-03,신세계_강남,12167
2024-01-04,신세계_강남,13241
2024-01-05,신세계_강남,14030
2024-01-06,신세계_강남,16080
2024-01-07,신세계_강남,16304
2024-01-08,신세계_강남,11457
2024-01-09,신세계_강남,11623
2024-01-10,신세계_강남,12170
2024-01-11,신세계_강남,12955
2024-01-12,신세계_강남,13863
2024-01-13,신세계_강남,14361
2024-01-14,신세계_강남,13864
2024-01-15,신세계_강남,10544
2024-01-16,신세계_강남,11542
2024-01-17,신세계_강남,11632
2024-01-18,신세계_강남,11336
2024-01-19,신세계_강남,13601
2024-01-20,신세계_강남,14849
2024-01-21,신세계_강남,14253
2024-01-22,신세계_강남,11078
2024-01-23,신세계_강남,11435
2024-01-24,신세계_강남,12055
2024-01-25,신세계_강남,11868
2024-01-26,신세계_강남,13670
2024-01-27,신세계_강남,14772
2024-01-28,신세계_강남,14773
2024-01-29,신세계_강남,11531
2024-01-30,신세계_강남,12338
2024-01-31,신세계_강남,12635
2024-02-01,신세계_강남,12024
2024-02-02,신세계_강남,13289
2024-02-03,신세계_강남,14287
2024-02-04,신세계_강남,14736
2024-02-05,신세계_강남,11248
2024-02-06,신세계_강남,12674
2024-02-07,신세계_강남,12896
2024-02-08,신세계_강남,14838
2024-02-09,신세계_강남,1374
2024-02-10,신세계_강남,990
2024-02-11,신세계_강남,14446
2024-02-12,신세계_강남,14115
2024-02-13,신세계_강남,11542
2024-02-14,신세계_강남,11823
2024-02-15,신세계_강남,12708
2024-02-16,신세계_강남,15324
2024-02-17,신세계_강남,17150
2024-02-18,신세계_강남,17020
2024-02-19,신세계_강남,12567
2024-02-20,신세계_강남,13134
2024-02-21,신세계_강남,13449
2024-02-22,신세계_강남,13614
2024-02-23,신세계_강남,15837
2024-02-24,신세계_강남,16884
2024-02-25,신세계_강남,16913
2024-02-26,신세계_강남,11868
2024-02-27,신세계_강남,12408
2024-02-28,신세계_강남,13293
2024-02-29,신세계_강남,14575
2024-03-01,신세계_강남,17485
2024-03-02,신세계_강남,15772
2024-03-03,신세계_강남,15548
2024-03-04,신세계_강남,11021
2024-03-05,신세계_강남,11127
2024-03-06,신세계_강남,11347
2024-03-07,신세계_강남,11378
2024-03-08,신세계_강남,13089
2024-03-09,신세계_강남,15589
2024-03-10,신세계_강남,15741
2024-03-11,신세계_강남,10667
2024-03-12,신세계_강남,11743
2024-03-13,신세계_강남,12138
2024-03-14,신세계_강남,13082
2024-03-15,신세계_강남,13661
2024-03-16,신세계_강남,15956
2024-03-17,신세계_강남,15683
2024-03-18,신세계_강남,1797
2024-03-19,신세계_강남,12628
2024-03-20,신세계_강남,12125
2024-03-21,신세계_강남,12561
2024-03-22,신세계_강남,13605
2024-03-23,신세계_강남,16090
2024-03-24,신세계_강남,15021
2024-03-25,신세계_강남,10754
2024-03-26,신세계_강남,13270
2024-03-27,신세계_강남,13612
2024-03-28,신세계_강남,13665
2024-03-29,신세계_강남,14697
2024-03-30,신세계_강남,16527
2024-03-31,신세계_강남,16286
2024-04-01,신세계_강남,3001
2024-04-02,신세계_강남,13753
2024-04-03,신세계_강남,12574
2024-04-04,신세계_강남,13184
2024-04-05,신세계_강남,14385
2024-04-06,신세계_강남,15383
2024-04-07,신세계_강남,15711
2024-04-08,신세계_강남,11418
2024-04-09,신세계_강남,12316
2024-04-10,신세계_강남,15900
2024-04-11,신세계_강남,12447
2024-04-12,신세계_강남,15185
2024-04-13,신세계_강남,14936
2024-04-14,신세계_강남,15491
2024-04-15,신세계_강남,11641
2024-04-16,신세계_강남,12112
2024-04-17,신세계_강남,11719
2024-04-18,신세계_강남,12583
2024-04-19,신세계_강남,15410
2024-04-20,신세계_강남,15847
2024-04-21,신세계_강남,14715
2024-04-22,신세계_강남,12120
2024-04-23,신세계_강남,12272
2024-04-24,신세계_강남,12925
2024-04-25,신세계_강남,12876
2024-04-26,신세계_강남,15349
2024-04-27,신세계_강남,17076
2024-04-28,신세계_강남,17235
2024-04-29,신세계_강남,12255
2024-04-30,신세계_강남,13582
2024-05-01,신세계_강남,19826
2024-05-02,신세계_강남,13292
2024-05-03,신세계_강남,16579
2024-05-04,신세계_강남,16778
2024-05-05,신세계_강남,16685
2024-05-06,신세계_강남,16949
2024-05-07,신세계_강남,12040
2024-05-08,신세계_강남,13075
2024-05-09,신세계_강남,13573
2024-05-10,신세계_강남,14837
2024-05-11,신세계_강남,16860
2024-05-12,신세계_강남,16925
2024-05-13,신세계_강남,12273
2024-05-14,신세계_강남,13851
2024-05-15,신세계_강남,16411
2024-05-16,신세계_강남,12855
2024-05-17,신세계_강남,14676
2024-05-18,신세계_강남,17188
2024-05-19,신세계_강남,15562
2024-05-20,신세계_강남,3398
2024-05-21,신세계_강남,13403
2024-05-22,신세계_강남,13144
2024-05-23,신세계_강남,13961
2024-05-24,신세계_강남,16738
2024-05-25,신세계_강남,16407
2024-05-26,신세계_강남,15558
2024-05-27,신세계_강남,12866
2024-05-28,신세계_강남,13300
2024-05-29,신세계_강남,13458
2024-05-30,신세계_강남,13883
2024-05-31,신세계_강남,15738
2024-06-01,신세계_강남,17211
2024-06-02,신세계_강남,16021
2024-06-03,신세계_강남,12306
2024-06-04,신세계_강남,13041
2024-06-05,신세계_강남,14503
2024-06-06,신세계_강남,16660
2024-06-07,신세계_강남,15884
2024-06-08,신세계_강남,15621
2024-06-09,신세계_강남,16937
2024-06-10,신세계_강남,12272
2024-06-11,신세계_강남,13078
2024-06-12,신세계_강남,13948
2024-06-13,신세계_강남,14375
2024-06-14,신세계_강남,16515
2024-06-15,신세계_강남,17658
2024-06-16,신세계_강남,17537
2024-06-17,신세계_강남,3786
2024-06-18,신세계_강남,15212
2024-06-19,신세계_강남,14359
2024-06-20,신세계_강남,15011
2024-06-21,신세계_강남,16632
2024-06-22,신세계_강남,16584
2024-06-23,신세계_강남,17497
2024-06-24,신세계_강남,13624
2024-06-25,신세계_강남,14071
2024-06-26,신세계_강남,13944
2024-06-27,신세계_강남,14483
2024-06-28,신세계_강남,15713
2024-06-29,신세계_강남,17613
2024-06-30,신세계_강남,17285
2024-07-01,신세계_강남,3616
2024-07-02,신세계_강남,13875
2024-07-03,신세계_강남,14235
2024-07-04,신세계_강남,15026
2024-07-05,신세계_강남,17705
2024-07-06,신세계_강남,18270
2024-07-07,신세계_강남,17187
2024-07-08,신세계_강남,13013
2024-07-09,신세계_강남,13621
2024-07-10,신세계_강남,14558
2024-07-11,신세계_강남,14796
2024-07-12,신세계_강남,17306
2024-07-13,신세계_강남,17893
2024-07-14,신세계_강남,17375
2024-07-15,신세계_강남,13160
2024-07-16,신세계_강남,13953
2024-07-17,신세계_강남,13861
2024-07-18,신세계_강남,12844
2024-07-19,신세계_강남,17782
2024-07-20,신세계_강남,17746
2024-07-21,신세계_강남,17292
2024-07-22,신세계_강남,13459
2024-07-23,신세계_강남,14308
2024-07-24,신세계_강남,14752
2024-07-25,신세계_강남,15034
2024-07-26,신세계_강남,17276
2024-07-27,신세계_강남,17187
2024-07-28,신세계_강남,16749
2024-07-29,신세계_강남,13561
2024-07-30,신세계_강남,15270
2024-07-31,신세계_강남,15953
2024-08-01,신세계_강남,15856
2024-08-02,신세계_강남,18350
2024-08-03,신세계_강남,16994
2024-08-04,신세계_강남,17747
2024-08-05,신세계_강남,14671
2024-08-06,신세계_강남,14612
2024-08-07,신세계_강남,15053
2024-08-08,신세계_강남,14301
2024-08-09,신세계_강남,16834
2024-08-10,신세계_강남,17679
2024-08-11,신세계_강남,17484
2024-08-12,신세계_강남,14497
2024-08-13,신세계_강남,13778
2024-08-14,신세계_강남,15808
2024-08-15,신세계_강남,17012
2024-08-16,신세계_강남,16259
2024-08-17,신세계_강남,17461
2024-08-18,신세계_강남,16757
2024-08-19,신세계_강남,4157
2024-08-20,신세계_강남,14983
2024-08-21,신세계_강남,13080
2024-08-22,신세계_강남,14623
2024-08-23,신세계_강남,16282
2024-08-24,신세계_강남,17795
2024-08-25,신세계_강남,17801
2024-08-26,신세계_강남,12589
2024-08-27,신세계_강남,13725
2024-08-28,신세계_강남,14002
2024-08-29,신세계_강남,15171
2024-08-30,신세계_강남,17434
2024-08-31,신세계_강남,18795
2024-09-01,신세계_강남,16602
2024-09-02,신세계_강남,12087
2024-09-03,신세계_강남,14330
2024-09-04,신세계_강남,13597
2024-09-05,신세계_강남,13564
2024-09-06,신세계_강남,15602
2024-09-07,신세계_강남,16918
2024-09-08,신세계_강남,17396
2024-09-09,신세계_강남,13563
2024-09-10,신세계_강남,13952
2024-09-11,신세계_강남,14122
2024-09-12,신세계_강남,14640
2024-09-13,신세계_강남,16982
2024-09-14,신세계_강남,17418
2024-09-15,신세계_강남,16615
2024-09-16,신세계_강남,3434
2024-09-17,신세계_강남,2760
2024-09-18,신세계_강남,17301
2024-09-19,신세계_강남,12991
2024-09-20,신세계_강남,14667
2024-09-21,신세계_강남,16365
2024-09-22,신세계_강남,16394
2024-09-23,신세계_강남,12197
2024-09-24,신세계_강남,13632
2024-09-25,신세계_강남,13694
2024-09-26,신세계_강남,14199
2024-09-27,신세계_강남,16358
2024-09-28,신세계_강남,15899
2024-09-29,신세계_강남,15747
2024-09-30,신세계_강남,13740
2024-10-01,신세계_강남,18815
2024-10-02,신세계_강남,14278
2024-10-03,신세계_강남,15604
2024-10-04,신세계_강남,15601
2024-10-05,신세계_강남,15332
2024-10-06,신세계_강남,15524
2024-10-07,신세계_강남,12205
2024-10-08,신세계_강남,13460
2024-10-09,신세계_강남,14274
2024-10-10,신세계_강남,12262
2024-10-11,신세계_강남,15112
2024-10-12,신세계_강남,16148
2024-10-13,신세계_강남,15909
2024-10-14,신세계_강남,12220
2024-10-15,신세계_강남,12678
2024-10-16,신세계_강남,12709
2024-10-17,신세계_강남,13063
2024-10-18,신세계_강남,15046
2024-10-19,신세계_강남,16401
2024-10-20,신세계_강남,16928
2024-10-21,신세계_강남,3572
2024-10-22,신세계_강남,13918
2024-10-23,신세계_강남,14155
2024-10-24,신세계_강남,14329
2024-10-25,신세계_강남,15433
2024-10-26,신세계_강남,17391
2024-10-27,신세계_강남,16465
2024-10-28,신세계_강남,12848
2024-10-29,신세계_강남,12993
2024-10-30,신세계_강남,13001
2024-10-31,신세계_강남,13743
2024-11-01,신세계_강남,15275
2024-11-02,신세계_강남,16479
2024-11-03,신세계_강남,16589
2024-11-04,신세계_강남,12628
2024-11-05,신세계_강남,14818
2024-11-06,신세계_강남,13565
2024-11-07,신세계_강남,14143
2024-11-08,신세계_강남,17808
2024-11-09,신세계_강남,18090
2024-11-10,신세계_강남,19010
2024-11-11,신세계_강남,12865
2024-11-12,신세계_강남,13412
2024-11-13,신세계_강남,13092
2024-11-14,신세계_강남,13017
2024-11-15,신세계_강남,16601
2024-11-16,신세계_강남,17143
2024-11-17,신세계_강남,18860
2024-11-18,신세계_강남,3822
2024-11-19,신세계_강남,15090
2024-11-20,신세계_강남,15100
2024-11-21,신세계_강남,14808
2024-11-22,신세계_강남,16426
2024-11-23,신세계_강남,18505
2024-11-24,신세계_강남,17308
2024-11-25,신세계_강남,13643
2024-11-26,신세계_강남,13918
2024-11-27,신세계_강남,14759
2024-11-28,신세계_강남,15755
2024-11-29,신세계_강남,18811
2024-11-30,신세계_강남,21025
2024-12-01,신세계_강남,19277
2024-12-02,신세계_강남,14475
2024-12-03,신세계_강남,16280
2024-12-04,신세계_강남,13777
2024-12-05,신세계_강남,14236
2024-12-06,신세계_강남,16677
2024-12-07,신세계_강남,18642
2024-12-08,신세계_강남,18765
2024-12-09,신세계_강남,13424
2024-12-10,신세계_강남,14515
2024-12-11,신세계_강남,14239
2024-12-12,신세계_강남,15516
2024-12-13,신세계_강남,16263
2024-12-14,신세계_강남,17961
2024-12-15,신세계_강남,17059
2024-12-16,신세계_강남,13503
2024-12-17,신세계_강남,14986
2024-12-18,신세계_강남,14465
2024-12-19,신세계_강남,16080
2024-12-20,신세계_강남,18774
2024-12-21,신세계_강남,18589
2024-12-22,신세계_강남,19587
2024-12-23,신세계_강남,16858
2024-12-24,신세계_강남,20435
2024-12-25,신세계_강남,19440
2024-12-26,신세계_강남,16783
2024-12-27,신세계_강남,18046
2024-12-28,신세계_강남,19117
2024-12-29,신세계_강남,17448
2024-12-30,신세계_강남,16425
2024-12-31,신세계_강남,20182
